  [1m[35m (101.1ms)[0m  [1m[35mCREATE DATABASE "eazybox_development" ENCODING = 'unicode' /*application='Eazybox'*/[0m
  [1m[35m (114.0ms)[0m  [1m[35mCREATE DATABASE "eazybox_development" ENCODING = 'unicode' /*application='Eazybox'*/[0m
  [1m[35m (111.0ms)[0m  [1m[35mCREATE DATABASE "eazybox_development" ENCODING = 'unicode' /*application='Eazybox'*/[0m
  [1m[35m (106.4ms)[0m  [1m[35mCREATE DATABASE "eazybox_development" ENCODING = 'unicode' /*application='Eazybox'*/[0m
Started GET "/" for 127.0.0.1 at 2026-07-11 23:08:19 -0300
  
ActiveRecord::ConnectionNotEstablished (connection to server on socket "/var/run/postgresql/.s.PGSQL.5432" failed: No such file or directory
	Is the server running locally and accepting connections on that socket?
connection to server on socket "/run/postgresql/.s.PGSQL.5432" failed: No such file or directory
	Is the server running locally and accepting connections on that socket?
connection to server on socket "/tmp/.s.PGSQL.5432" failed: No such file or directory
	Is the server running locally and accepting connections on that socket?
)
Caused by: PG::ConnectionBad (connection to server on socket "/var/run/postgresql/.s.PGSQL.5432" failed: No such file or directory
	Is the server running locally and accepting connections on that socket?
connection to server on socket "/run/postgresql/.s.PGSQL.5432" failed: No such file or directory
	Is the server running locally and accepting connections on that socket?
connection to server on socket "/tmp/.s.PGSQL.5432" failed: No such file or directory
	Is the server running locally and accepting connections on that socket?
)

Information for: ActiveRecord::ConnectionNotEstablished (connection to server on socket "/var/run/postgresql/.s.PGSQL.5432" failed: No such file or directory
	Is the server running locally and accepting connections on that socket?
connection to server on socket "/run/postgresql/.s.PGSQL.5432" failed: No such file or directory
	Is the server running locally and accepting connections on that socket?
connection to server on socket "/tmp/.s.PGSQL.5432" failed: No such file or directory
	Is the server running locally and accepting connections on that socket?
):
  
activerecord (8.1.3) lib/active_record/connection_adapters/postgresql_adapter.rb:69:in 'ActiveRecord::ConnectionAdapters::PostgreSQLAdapter.new_client'
activerecord (8.1.3) lib/active_record/connection_adapters/postgresql_adapter.rb:960:in 'ActiveRecord::ConnectionAdapters::PostgreSQLAdapter#connect'
activerecord (8.1.3) lib/active_record/connection_adapters/postgresql_adapter.rb:972:in 'ActiveRecord::ConnectionAdapters::PostgreSQLAdapter#reconnect'
activerecord (8.1.3) lib/active_record/connection_adapters/abstract_adapter.rb:719:in 'block (2 levels) in ActiveRecord::ConnectionAdapters::AbstractAdapter#reconnect!'
activerecord (8.1.3) lib/active_record/connection_adapters/abstract_adapter.rb:1290:in 'ActiveRecord::ConnectionAdapters::AbstractAdapter#attempt_configure_connection'
activerecord (8.1.3) lib/active_record/connection_adapters/abstract_adapter.rb:716:in 'block in ActiveRecord::ConnectionAdapters::AbstractAdapter#reconnect!'
activesupport (8.1.3) lib/active_support/concurrency/null_lock.rb:9:in 'ActiveSupport::Concurrency::NullLock#synchronize'
activerecord (8.1.3) lib/active_record/connection_adapters/abstract_adapter.rb:715:in 'ActiveRecord::ConnectionAdapters::AbstractAdapter#reconnect!'
activerecord (8.1.3) lib/active_record/connection_adapters/abstract_adapter.rb:830:in 'block in ActiveRecord::ConnectionAdapters::AbstractAdapter#verify!'
activesupport (8.1.3) lib/active_support/concurrency/null_lock.rb:9:in 'ActiveSupport::Concurrency::NullLock#synchronize'
activerecord (8.1.3) lib/active_record/connection_adapters/abstract_adapter.rb:817:in 'ActiveRecord::ConnectionAdapters::AbstractAdapter#verify!'
activerecord (8.1.3) lib/active_record/connection_adapters/abstract_adapter.rb:839:in 'ActiveRecord::ConnectionAdapters::AbstractAdapter#connect!'
activerecord (8.1.3) lib/active_record/connection_adapters/abstract_adapter.rb:1056:in 'block in ActiveRecord::ConnectionAdapters::AbstractAdapter#with_raw_connection'
activesupport (8.1.3) lib/active_support/concurrency/null_lock.rb:9:in 'ActiveSupport::Concurrency::NullLock#synchronize'
activerecord (8.1.3) lib/active_record/connection_adapters/abstract_adapter.rb:1055:in 'ActiveRecord::ConnectionAdapters::AbstractAdapter#with_raw_connection'
activerecord (8.1.3) lib/active_record/connection_adapters/postgresql/quoting.rb:128:in 'ActiveRecord::ConnectionAdapters::PostgreSQL::Quoting#quote_string'
activerecord (8.1.3) lib/active_record/connection_adapters/abstract/quoting.rb:75:in 'ActiveRecord::ConnectionAdapters::Quoting#quote'
activerecord (8.1.3) lib/active_record/connection_adapters/postgresql/quoting.rb:122:in 'ActiveRecord::ConnectionAdapters::PostgreSQL::Quoting#quote'
activerecord (8.1.3) lib/active_record/connection_adapters/postgresql/schema_statements.rb:1180:in 'ActiveRecord::ConnectionAdapters::PostgreSQL::SchemaStatements#quoted_scope'
activerecord (8.1.3) lib/active_record/connection_adapters/postgresql/schema_statements.rb:1157:in 'ActiveRecord::ConnectionAdapters::PostgreSQL::SchemaStatements#data_source_sql'
activerecord (8.1.3) lib/active_record/connection_adapters/abstract/schema_statements.rb:61:in 'ActiveRecord::ConnectionAdapters::SchemaStatements#table_exists?'
activerecord (8.1.3) lib/active_record/schema_migration.rb:55:in 'block in ActiveRecord::SchemaMigration#create_table'
activerecord (8.1.3) lib/active_record/connection_adapters/abstract/connection_pool.rb:463:in 'ActiveRecord::ConnectionAdapters::ConnectionPool#with_connection'
activerecord (8.1.3) lib/active_record/schema_migration.rb:54:in 'ActiveRecord::SchemaMigration#create_table'
activerecord (8.1.3) lib/active_record/migration.rb:1440:in 'ActiveRecord::Migrator#initialize'
activerecord (8.1.3) lib/active_record/migration.rb:1288:in 'Class#new'
activerecord (8.1.3) lib/active_record/migration.rb:1288:in 'ActiveRecord::MigrationContext#open'
activerecord (8.1.3) lib/active_record/migration.rb:763:in 'block (2 levels) in ActiveRecord::Migration.pending_migrations'
activerecord (8.1.3) lib/active_record/migration/pending_migration_connection.rb:8:in 'ActiveRecord::PendingMigrationConnection.with_temporary_pool'
activerecord (8.1.3) lib/active_record/migration.rb:762:in 'block in ActiveRecord::Migration.pending_migrations'
activerecord (8.1.3) lib/active_record/migration.rb:761:in 'Array#each'
activerecord (8.1.3) lib/active_record/migration.rb:761:in 'ActiveRecord::Migration.pending_migrations'
activerecord (8.1.3) lib/active_record/migration.rb:740:in 'ActiveRecord::Migration.check_pending_migrations'
activerecord (8.1.3) lib/active_record/migration.rb:660:in 'block (2 levels) in ActiveRecord::Migration::CheckPending#call'
activesupport (8.1.3) lib/active_support/file_update_checker.rb:88:in 'ActiveSupport::FileUpdateChecker#execute'
activerecord (8.1.3) lib/active_record/migration.rb:665:in 'block in ActiveRecord::Migration::CheckPending#call'
activerecord (8.1.3) lib/active_record/migration.rb:657:in 'Thread::Mutex#synchronize'
activerecord (8.1.3) lib/active_record/migration.rb:657:in 'ActiveRecord::Migration::CheckPending#call'
actionpack (8.1.3) lib/action_dispatch/middleware/callbacks.rb:31:in 'block in ActionDispatch::Callbacks#call'
activesupport (8.1.3) lib/active_support/callbacks.rb:101:in 'ActiveSupport::Callbacks#run_callbacks'
actionpack (8.1.3) lib/action_dispatch/middleware/callbacks.rb:30:in 'ActionDispatch::Callbacks#call'
actionpack (8.1.3) lib/action_dispatch/middleware/executor.rb:20:in 'ActionDispatch::Executor#call'
actionpack (8.1.3) lib/action_dispatch/middleware/actionable_exceptions.rb:18:in 'ActionDispatch::ActionableExceptions#call'
actionpack (8.1.3) lib/action_dispatch/middleware/debug_exceptions.rb:31:in 'ActionDispatch::DebugExceptions#call'
web-console (4.3.0) lib/web_console/middleware.rb:132:in 'WebConsole::Middleware#call_app'
web-console (4.3.0) lib/web_console/middleware.rb:28:in 'block in WebConsole::Middleware#call'
web-console (4.3.0) lib/web_console/middleware.rb:17:in 'Kernel#catch'
web-console (4.3.0) lib/web_console/middleware.rb:17:in 'WebConsole::Middleware#call'
actionpack (8.1.3) lib/action_dispatch/middleware/show_exceptions.rb:32:in 'ActionDispatch::ShowExceptions#call'
railties (8.1.3) lib/rails/rack/logger.rb:41:in 'Rails::Rack::Logger#call_app'
railties (8.1.3) lib/rails/rack/logger.rb:29:in 'Rails::Rack::Logger#call'
propshaft (1.3.2) lib/propshaft/quiet_assets.rb:11:in 'Propshaft::QuietAssets#call'
actionpack (8.1.3) lib/action_dispatch/middleware/remote_ip.rb:98:in 'ActionDispatch::RemoteIp#call'
actionpack (8.1.3) lib/action_dispatch/middleware/request_id.rb:34:in 'ActionDispatch::RequestId#call'
rack (3.2.6) lib/rack/method_override.rb:28:in 'Rack::MethodOverride#call'
rack (3.2.6) lib/rack/runtime.rb:24:in 'Rack::Runtime#call'
activesupport (8.1.3) lib/active_support/cache/strategy/local_cache_middleware.rb:30:in 'ActiveSupport::Cache::Strategy::LocalCache::Middleware#call'
actionpack (8.1.3) lib/action_dispatch/middleware/server_timing.rb:61:in 'block in ActionDispatch::ServerTiming#call'
actionpack (8.1.3) lib/action_dispatch/middleware/server_timing.rb:26:in 'ActionDispatch::ServerTiming::Subscriber#collect_events'
actionpack (8.1.3) lib/action_dispatch/middleware/server_timing.rb:60:in 'ActionDispatch::ServerTiming#call'
actionpack (8.1.3) lib/action_dispatch/middleware/executor.rb:20:in 'ActionDispatch::Executor#call'
propshaft (1.3.2) lib/propshaft/server.rb:37:in 'Propshaft::Server#call'
actionpack (8.1.3) lib/action_dispatch/middleware/static.rb:27:in 'ActionDispatch::Static#call'
rack (3.2.6) lib/rack/sendfile.rb:131:in 'Rack::Sendfile#call'
actionpack (8.1.3) lib/action_dispatch/middleware/host_authorization.rb:143:in 'ActionDispatch::HostAuthorization#call'
railties (8.1.3) lib/rails/engine.rb:534:in 'Rails::Engine#call'
puma (8.0.2) lib/puma/configuration.rb:305:in 'Puma::Configuration::ConfigMiddleware#call'
puma (8.0.2) lib/puma/response.rb:79:in 'block in Puma::Response#handle_request'
puma (8.0.2) lib/puma/thread_pool.rb:434:in 'Puma::ThreadPool#with_force_shutdown'
puma (8.0.2) lib/puma/response.rb:78:in 'Puma::Response#handle_request'
puma (8.0.2) lib/puma/server.rb:508:in 'Puma::Server#process_client'
puma (8.0.2) lib/puma/server.rb:263:in 'block in Puma::Server#run'
puma (8.0.2) lib/puma/thread_pool.rb:246:in 'block in Puma::ThreadPool#spawn_thread'

Information for cause: PG::ConnectionBad (connection to server on socket "/var/run/postgresql/.s.PGSQL.5432" failed: No such file or directory
	Is the server running locally and accepting connections on that socket?
connection to server on socket "/run/postgresql/.s.PGSQL.5432" failed: No such file or directory
	Is the server running locally and accepting connections on that socket?
connection to server on socket "/tmp/.s.PGSQL.5432" failed: No such file or directory
	Is the server running locally and accepting connections on that socket?
):
  
pg-1.6.3-x86_64 (linux) lib/pg/connection.rb:944:in 'PG::Connection.connect_start'
pg-1.6.3-x86_64 (linux) lib/pg/connection.rb:944:in 'PG::Connection.connect_to_hosts'
pg-1.6.3-x86_64 (linux) lib/pg/connection.rb:871:in 'PG::Connection.new'
pg-1.6.3-x86_64 (linux) lib/pg.rb:88:in 'PG.connect'
activerecord (8.1.3) lib/active_record/connection_adapters/postgresql_adapter.rb:58:in 'ActiveRecord::ConnectionAdapters::PostgreSQLAdapter.new_client'
activerecord (8.1.3) lib/active_record/connection_adapters/postgresql_adapter.rb:960:in 'ActiveRecord::ConnectionAdapters::PostgreSQLAdapter#connect'
activerecord (8.1.3) lib/active_record/connection_adapters/postgresql_adapter.rb:972:in 'ActiveRecord::ConnectionAdapters::PostgreSQLAdapter#reconnect'
activerecord (8.1.3) lib/active_record/connection_adapters/abstract_adapter.rb:719:in 'block (2 levels) in ActiveRecord::ConnectionAdapters::AbstractAdapter#reconnect!'
activerecord (8.1.3) lib/active_record/connection_adapters/abstract_adapter.rb:1290:in 'ActiveRecord::ConnectionAdapters::AbstractAdapter#attempt_configure_connection'
activerecord (8.1.3) lib/active_record/connection_adapters/abstract_adapter.rb:716:in 'block in ActiveRecord::ConnectionAdapters::AbstractAdapter#reconnect!'
activesupport (8.1.3) lib/active_support/concurrency/null_lock.rb:9:in 'ActiveSupport::Concurrency::NullLock#synchronize'
activerecord (8.1.3) lib/active_record/connection_adapters/abstract_adapter.rb:715:in 'ActiveRecord::ConnectionAdapters::AbstractAdapter#reconnect!'
activerecord (8.1.3) lib/active_record/connection_adapters/abstract_adapter.rb:830:in 'block in ActiveRecord::ConnectionAdapters::AbstractAdapter#verify!'
activesupport (8.1.3) lib/active_support/concurrency/null_lock.rb:9:in 'ActiveSupport::Concurrency::NullLock#synchronize'
activerecord (8.1.3) lib/active_record/connection_adapters/abstract_adapter.rb:817:in 'ActiveRecord::ConnectionAdapters::AbstractAdapter#verify!'
activerecord (8.1.3) lib/active_record/connection_adapters/abstract_adapter.rb:839:in 'ActiveRecord::ConnectionAdapters::AbstractAdapter#connect!'
activerecord (8.1.3) lib/active_record/connection_adapters/abstract_adapter.rb:1056:in 'block in ActiveRecord::ConnectionAdapters::AbstractAdapter#with_raw_connection'
activesupport (8.1.3) lib/active_support/concurrency/null_lock.rb:9:in 'ActiveSupport::Concurrency::NullLock#synchronize'
activerecord (8.1.3) lib/active_record/connection_adapters/abstract_adapter.rb:1055:in 'ActiveRecord::ConnectionAdapters::AbstractAdapter#with_raw_connection'
activerecord (8.1.3) lib/active_record/connection_adapters/postgresql/quoting.rb:128:in 'ActiveRecord::ConnectionAdapters::PostgreSQL::Quoting#quote_string'
activerecord (8.1.3) lib/active_record/connection_adapters/abstract/quoting.rb:75:in 'ActiveRecord::ConnectionAdapters::Quoting#quote'
activerecord (8.1.3) lib/active_record/connection_adapters/postgresql/quoting.rb:122:in 'ActiveRecord::ConnectionAdapters::PostgreSQL::Quoting#quote'
activerecord (8.1.3) lib/active_record/connection_adapters/postgresql/schema_statements.rb:1180:in 'ActiveRecord::ConnectionAdapters::PostgreSQL::SchemaStatements#quoted_scope'
activerecord (8.1.3) lib/active_record/connection_adapters/postgresql/schema_statements.rb:1157:in 'ActiveRecord::ConnectionAdapters::PostgreSQL::SchemaStatements#data_source_sql'
activerecord (8.1.3) lib/active_record/connection_adapters/abstract/schema_statements.rb:61:in 'ActiveRecord::ConnectionAdapters::SchemaStatements#table_exists?'
activerecord (8.1.3) lib/active_record/schema_migration.rb:55:in 'block in ActiveRecord::SchemaMigration#create_table'
activerecord (8.1.3) lib/active_record/connection_adapters/abstract/connection_pool.rb:463:in 'ActiveRecord::ConnectionAdapters::ConnectionPool#with_connection'
activerecord (8.1.3) lib/active_record/schema_migration.rb:54:in 'ActiveRecord::SchemaMigration#create_table'
activerecord (8.1.3) lib/active_record/migration.rb:1440:in 'ActiveRecord::Migrator#initialize'
activerecord (8.1.3) lib/active_record/migration.rb:1288:in 'Class#new'
activerecord (8.1.3) lib/active_record/migration.rb:1288:in 'ActiveRecord::MigrationContext#open'
activerecord (8.1.3) lib/active_record/migration.rb:763:in 'block (2 levels) in ActiveRecord::Migration.pending_migrations'
activerecord (8.1.3) lib/active_record/migration/pending_migration_connection.rb:8:in 'ActiveRecord::PendingMigrationConnection.with_temporary_pool'
activerecord (8.1.3) lib/active_record/migration.rb:762:in 'block in ActiveRecord::Migration.pending_migrations'
activerecord (8.1.3) lib/active_record/migration.rb:761:in 'Array#each'
activerecord (8.1.3) lib/active_record/migration.rb:761:in 'ActiveRecord::Migration.pending_migrations'
activerecord (8.1.3) lib/active_record/migration.rb:740:in 'ActiveRecord::Migration.check_pending_migrations'
activerecord (8.1.3) lib/active_record/migration.rb:660:in 'block (2 levels) in ActiveRecord::Migration::CheckPending#call'
activesupport (8.1.3) lib/active_support/file_update_checker.rb:88:in 'ActiveSupport::FileUpdateChecker#execute'
activerecord (8.1.3) lib/active_record/migration.rb:665:in 'block in ActiveRecord::Migration::CheckPending#call'
activerecord (8.1.3) lib/active_record/migration.rb:657:in 'Thread::Mutex#synchronize'
activerecord (8.1.3) lib/active_record/migration.rb:657:in 'ActiveRecord::Migration::CheckPending#call'
actionpack (8.1.3) lib/action_dispatch/middleware/callbacks.rb:31:in 'block in ActionDispatch::Callbacks#call'
activesupport (8.1.3) lib/active_support/callbacks.rb:101:in 'ActiveSupport::Callbacks#run_callbacks'
actionpack (8.1.3) lib/action_dispatch/middleware/callbacks.rb:30:in 'ActionDispatch::Callbacks#call'
actionpack (8.1.3) lib/action_dispatch/middleware/executor.rb:20:in 'ActionDispatch::Executor#call'
actionpack (8.1.3) lib/action_dispatch/middleware/actionable_exceptions.rb:18:in 'ActionDispatch::ActionableExceptions#call'
actionpack (8.1.3) lib/action_dispatch/middleware/debug_exceptions.rb:31:in 'ActionDispatch::DebugExceptions#call'
web-console (4.3.0) lib/web_console/middleware.rb:132:in 'WebConsole::Middleware#call_app'
web-console (4.3.0) lib/web_console/middleware.rb:28:in 'block in WebConsole::Middleware#call'
web-console (4.3.0) lib/web_console/middleware.rb:17:in 'Kernel#catch'
web-console (4.3.0) lib/web_console/middleware.rb:17:in 'WebConsole::Middleware#call'
actionpack (8.1.3) lib/action_dispatch/middleware/show_exceptions.rb:32:in 'ActionDispatch::ShowExceptions#call'
railties (8.1.3) lib/rails/rack/logger.rb:41:in 'Rails::Rack::Logger#call_app'
railties (8.1.3) lib/rails/rack/logger.rb:29:in 'Rails::Rack::Logger#call'
propshaft (1.3.2) lib/propshaft/quiet_assets.rb:11:in 'Propshaft::QuietAssets#call'
actionpack (8.1.3) lib/action_dispatch/middleware/remote_ip.rb:98:in 'ActionDispatch::RemoteIp#call'
actionpack (8.1.3) lib/action_dispatch/middleware/request_id.rb:34:in 'ActionDispatch::RequestId#call'
rack (3.2.6) lib/rack/method_override.rb:28:in 'Rack::MethodOverride#call'
rack (3.2.6) lib/rack/runtime.rb:24:in 'Rack::Runtime#call'
activesupport (8.1.3) lib/active_support/cache/strategy/local_cache_middleware.rb:30:in 'ActiveSupport::Cache::Strategy::LocalCache::Middleware#call'
actionpack (8.1.3) lib/action_dispatch/middleware/server_timing.rb:61:in 'block in ActionDispatch::ServerTiming#call'
actionpack (8.1.3) lib/action_dispatch/middleware/server_timing.rb:26:in 'ActionDispatch::ServerTiming::Subscriber#collect_events'
actionpack (8.1.3) lib/action_dispatch/middleware/server_timing.rb:60:in 'ActionDispatch::ServerTiming#call'
actionpack (8.1.3) lib/action_dispatch/middleware/executor.rb:20:in 'ActionDispatch::Executor#call'
propshaft (1.3.2) lib/propshaft/server.rb:37:in 'Propshaft::Server#call'
actionpack (8.1.3) lib/action_dispatch/middleware/static.rb:27:in 'ActionDispatch::Static#call'
rack (3.2.6) lib/rack/sendfile.rb:131:in 'Rack::Sendfile#call'
actionpack (8.1.3) lib/action_dispatch/middleware/host_authorization.rb:143:in 'ActionDispatch::HostAuthorization#call'
railties (8.1.3) lib/rails/engine.rb:534:in 'Rails::Engine#call'
puma (8.0.2) lib/puma/configuration.rb:305:in 'Puma::Configuration::ConfigMiddleware#call'
puma (8.0.2) lib/puma/response.rb:79:in 'block in Puma::Response#handle_request'
puma (8.0.2) lib/puma/thread_pool.rb:434:in 'Puma::ThreadPool#with_force_shutdown'
puma (8.0.2) lib/puma/response.rb:78:in 'Puma::Response#handle_request'
puma (8.0.2) lib/puma/server.rb:508:in 'Puma::Server#process_client'
puma (8.0.2) lib/puma/server.rb:263:in 'block in Puma::Server#run'
puma (8.0.2) lib/puma/thread_pool.rb:246:in 'block in Puma::ThreadPool#spawn_thread'
Started GET "/favicon.ico" for 127.0.0.1 at 2026-07-11 23:08:20 -0300
  
ActiveRecord::ConnectionNotEstablished (connection to server on socket "/var/run/postgresql/.s.PGSQL.5432" failed: No such file or directory
	Is the server running locally and accepting connections on that socket?
connection to server on socket "/run/postgresql/.s.PGSQL.5432" failed: No such file or directory
	Is the server running locally and accepting connections on that socket?
connection to server on socket "/tmp/.s.PGSQL.5432" failed: No such file or directory
	Is the server running locally and accepting connections on that socket?
)
Caused by: PG::ConnectionBad (connection to server on socket "/var/run/postgresql/.s.PGSQL.5432" failed: No such file or directory
	Is the server running locally and accepting connections on that socket?
connection to server on socket "/run/postgresql/.s.PGSQL.5432" failed: No such file or directory
	Is the server running locally and accepting connections on that socket?
connection to server on socket "/tmp/.s.PGSQL.5432" failed: No such file or directory
	Is the server running locally and accepting connections on that socket?
)

Information for: ActiveRecord::ConnectionNotEstablished (connection to server on socket "/var/run/postgresql/.s.PGSQL.5432" failed: No such file or directory
	Is the server running locally and accepting connections on that socket?
connection to server on socket "/run/postgresql/.s.PGSQL.5432" failed: No such file or directory
	Is the server running locally and accepting connections on that socket?
connection to server on socket "/tmp/.s.PGSQL.5432" failed: No such file or directory
	Is the server running locally and accepting connections on that socket?
):
  
activerecord (8.1.3) lib/active_record/connection_adapters/postgresql_adapter.rb:69:in 'ActiveRecord::ConnectionAdapters::PostgreSQLAdapter.new_client'
activerecord (8.1.3) lib/active_record/connection_adapters/postgresql_adapter.rb:960:in 'ActiveRecord::ConnectionAdapters::PostgreSQLAdapter#connect'
activerecord (8.1.3) lib/active_record/connection_adapters/postgresql_adapter.rb:972:in 'ActiveRecord::ConnectionAdapters::PostgreSQLAdapter#reconnect'
activerecord (8.1.3) lib/active_record/connection_adapters/abstract_adapter.rb:719:in 'block (2 levels) in ActiveRecord::ConnectionAdapters::AbstractAdapter#reconnect!'
activerecord (8.1.3) lib/active_record/connection_adapters/abstract_adapter.rb:1290:in 'ActiveRecord::ConnectionAdapters::AbstractAdapter#attempt_configure_connection'
activerecord (8.1.3) lib/active_record/connection_adapters/abstract_adapter.rb:716:in 'block in ActiveRecord::ConnectionAdapters::AbstractAdapter#reconnect!'
activesupport (8.1.3) lib/active_support/concurrency/null_lock.rb:9:in 'ActiveSupport::Concurrency::NullLock#synchronize'
activerecord (8.1.3) lib/active_record/connection_adapters/abstract_adapter.rb:715:in 'ActiveRecord::ConnectionAdapters::AbstractAdapter#reconnect!'
activerecord (8.1.3) lib/active_record/connection_adapters/abstract_adapter.rb:830:in 'block in ActiveRecord::ConnectionAdapters::AbstractAdapter#verify!'
activesupport (8.1.3) lib/active_support/concurrency/null_lock.rb:9:in 'ActiveSupport::Concurrency::NullLock#synchronize'
activerecord (8.1.3) lib/active_record/connection_adapters/abstract_adapter.rb:817:in 'ActiveRecord::ConnectionAdapters::AbstractAdapter#verify!'
activerecord (8.1.3) lib/active_record/connection_adapters/abstract_adapter.rb:839:in 'ActiveRecord::ConnectionAdapters::AbstractAdapter#connect!'
activerecord (8.1.3) lib/active_record/connection_adapters/abstract_adapter.rb:1056:in 'block in ActiveRecord::ConnectionAdapters::AbstractAdapter#with_raw_connection'
activesupport (8.1.3) lib/active_support/concurrency/null_lock.rb:9:in 'ActiveSupport::Concurrency::NullLock#synchronize'
activerecord (8.1.3) lib/active_record/connection_adapters/abstract_adapter.rb:1055:in 'ActiveRecord::ConnectionAdapters::AbstractAdapter#with_raw_connection'
activerecord (8.1.3) lib/active_record/connection_adapters/postgresql/quoting.rb:128:in 'ActiveRecord::ConnectionAdapters::PostgreSQL::Quoting#quote_string'
activerecord (8.1.3) lib/active_record/connection_adapters/abstract/quoting.rb:75:in 'ActiveRecord::ConnectionAdapters::Quoting#quote'
activerecord (8.1.3) lib/active_record/connection_adapters/postgresql/quoting.rb:122:in 'ActiveRecord::ConnectionAdapters::PostgreSQL::Quoting#quote'
activerecord (8.1.3) lib/active_record/connection_adapters/postgresql/schema_statements.rb:1180:in 'ActiveRecord::ConnectionAdapters::PostgreSQL::SchemaStatements#quoted_scope'
activerecord (8.1.3) lib/active_record/connection_adapters/postgresql/schema_statements.rb:1157:in 'ActiveRecord::ConnectionAdapters::PostgreSQL::SchemaStatements#data_source_sql'
activerecord (8.1.3) lib/active_record/connection_adapters/abstract/schema_statements.rb:61:in 'ActiveRecord::ConnectionAdapters::SchemaStatements#table_exists?'
activerecord (8.1.3) lib/active_record/schema_migration.rb:55:in 'block in ActiveRecord::SchemaMigration#create_table'
activerecord (8.1.3) lib/active_record/connection_adapters/abstract/connection_pool.rb:463:in 'ActiveRecord::ConnectionAdapters::ConnectionPool#with_connection'
activerecord (8.1.3) lib/active_record/schema_migration.rb:54:in 'ActiveRecord::SchemaMigration#create_table'
activerecord (8.1.3) lib/active_record/migration.rb:1440:in 'ActiveRecord::Migrator#initialize'
activerecord (8.1.3) lib/active_record/migration.rb:1288:in 'Class#new'
activerecord (8.1.3) lib/active_record/migration.rb:1288:in 'ActiveRecord::MigrationContext#open'
activerecord (8.1.3) lib/active_record/migration.rb:763:in 'block (2 levels) in ActiveRecord::Migration.pending_migrations'
activerecord (8.1.3) lib/active_record/migration/pending_migration_connection.rb:8:in 'ActiveRecord::PendingMigrationConnection.with_temporary_pool'
activerecord (8.1.3) lib/active_record/migration.rb:762:in 'block in ActiveRecord::Migration.pending_migrations'
activerecord (8.1.3) lib/active_record/migration.rb:761:in 'Array#each'
activerecord (8.1.3) lib/active_record/migration.rb:761:in 'ActiveRecord::Migration.pending_migrations'
activerecord (8.1.3) lib/active_record/migration.rb:740:in 'ActiveRecord::Migration.check_pending_migrations'
activerecord (8.1.3) lib/active_record/migration.rb:660:in 'block (2 levels) in ActiveRecord::Migration::CheckPending#call'
activesupport (8.1.3) lib/active_support/file_update_checker.rb:88:in 'ActiveSupport::FileUpdateChecker#execute'
activerecord (8.1.3) lib/active_record/migration.rb:665:in 'block in ActiveRecord::Migration::CheckPending#call'
activerecord (8.1.3) lib/active_record/migration.rb:657:in 'Thread::Mutex#synchronize'
activerecord (8.1.3) lib/active_record/migration.rb:657:in 'ActiveRecord::Migration::CheckPending#call'
actionpack (8.1.3) lib/action_dispatch/middleware/callbacks.rb:31:in 'block in ActionDispatch::Callbacks#call'
activesupport (8.1.3) lib/active_support/callbacks.rb:101:in 'ActiveSupport::Callbacks#run_callbacks'
actionpack (8.1.3) lib/action_dispatch/middleware/callbacks.rb:30:in 'ActionDispatch::Callbacks#call'
actionpack (8.1.3) lib/action_dispatch/middleware/executor.rb:20:in 'ActionDispatch::Executor#call'
actionpack (8.1.3) lib/action_dispatch/middleware/actionable_exceptions.rb:18:in 'ActionDispatch::ActionableExceptions#call'
actionpack (8.1.3) lib/action_dispatch/middleware/debug_exceptions.rb:31:in 'ActionDispatch::DebugExceptions#call'
web-console (4.3.0) lib/web_console/middleware.rb:132:in 'WebConsole::Middleware#call_app'
web-console (4.3.0) lib/web_console/middleware.rb:28:in 'block in WebConsole::Middleware#call'
web-console (4.3.0) lib/web_console/middleware.rb:17:in 'Kernel#catch'
web-console (4.3.0) lib/web_console/middleware.rb:17:in 'WebConsole::Middleware#call'
actionpack (8.1.3) lib/action_dispatch/middleware/show_exceptions.rb:32:in 'ActionDispatch::ShowExceptions#call'
railties (8.1.3) lib/rails/rack/logger.rb:41:in 'Rails::Rack::Logger#call_app'
railties (8.1.3) lib/rails/rack/logger.rb:29:in 'Rails::Rack::Logger#call'
propshaft (1.3.2) lib/propshaft/quiet_assets.rb:11:in 'Propshaft::QuietAssets#call'
actionpack (8.1.3) lib/action_dispatch/middleware/remote_ip.rb:98:in 'ActionDispatch::RemoteIp#call'
actionpack (8.1.3) lib/action_dispatch/middleware/request_id.rb:34:in 'ActionDispatch::RequestId#call'
rack (3.2.6) lib/rack/method_override.rb:28:in 'Rack::MethodOverride#call'
rack (3.2.6) lib/rack/runtime.rb:24:in 'Rack::Runtime#call'
activesupport (8.1.3) lib/active_support/cache/strategy/local_cache_middleware.rb:30:in 'ActiveSupport::Cache::Strategy::LocalCache::Middleware#call'
actionpack (8.1.3) lib/action_dispatch/middleware/server_timing.rb:61:in 'block in ActionDispatch::ServerTiming#call'
actionpack (8.1.3) lib/action_dispatch/middleware/server_timing.rb:26:in 'ActionDispatch::ServerTiming::Subscriber#collect_events'
actionpack (8.1.3) lib/action_dispatch/middleware/server_timing.rb:60:in 'ActionDispatch::ServerTiming#call'
actionpack (8.1.3) lib/action_dispatch/middleware/executor.rb:20:in 'ActionDispatch::Executor#call'
propshaft (1.3.2) lib/propshaft/server.rb:37:in 'Propshaft::Server#call'
actionpack (8.1.3) lib/action_dispatch/middleware/static.rb:27:in 'ActionDispatch::Static#call'
rack (3.2.6) lib/rack/sendfile.rb:131:in 'Rack::Sendfile#call'
actionpack (8.1.3) lib/action_dispatch/middleware/host_authorization.rb:143:in 'ActionDispatch::HostAuthorization#call'
railties (8.1.3) lib/rails/engine.rb:534:in 'Rails::Engine#call'
puma (8.0.2) lib/puma/configuration.rb:305:in 'Puma::Configuration::ConfigMiddleware#call'
puma (8.0.2) lib/puma/response.rb:79:in 'block in Puma::Response#handle_request'
puma (8.0.2) lib/puma/thread_pool.rb:434:in 'Puma::ThreadPool#with_force_shutdown'
puma (8.0.2) lib/puma/response.rb:78:in 'Puma::Response#handle_request'
puma (8.0.2) lib/puma/server.rb:508:in 'Puma::Server#process_client'
puma (8.0.2) lib/puma/server.rb:263:in 'block in Puma::Server#run'
puma (8.0.2) lib/puma/thread_pool.rb:246:in 'block in Puma::ThreadPool#spawn_thread'

Information for cause: PG::ConnectionBad (connection to server on socket "/var/run/postgresql/.s.PGSQL.5432" failed: No such file or directory
	Is the server running locally and accepting connections on that socket?
connection to server on socket "/run/postgresql/.s.PGSQL.5432" failed: No such file or directory
	Is the server running locally and accepting connections on that socket?
connection to server on socket "/tmp/.s.PGSQL.5432" failed: No such file or directory
	Is the server running locally and accepting connections on that socket?
):
  
pg-1.6.3-x86_64 (linux) lib/pg/connection.rb:944:in 'PG::Connection.connect_start'
pg-1.6.3-x86_64 (linux) lib/pg/connection.rb:944:in 'PG::Connection.connect_to_hosts'
pg-1.6.3-x86_64 (linux) lib/pg/connection.rb:871:in 'PG::Connection.new'
pg-1.6.3-x86_64 (linux) lib/pg.rb:88:in 'PG.connect'
activerecord (8.1.3) lib/active_record/connection_adapters/postgresql_adapter.rb:58:in 'ActiveRecord::ConnectionAdapters::PostgreSQLAdapter.new_client'
activerecord (8.1.3) lib/active_record/connection_adapters/postgresql_adapter.rb:960:in 'ActiveRecord::ConnectionAdapters::PostgreSQLAdapter#connect'
activerecord (8.1.3) lib/active_record/connection_adapters/postgresql_adapter.rb:972:in 'ActiveRecord::ConnectionAdapters::PostgreSQLAdapter#reconnect'
activerecord (8.1.3) lib/active_record/connection_adapters/abstract_adapter.rb:719:in 'block (2 levels) in ActiveRecord::ConnectionAdapters::AbstractAdapter#reconnect!'
activerecord (8.1.3) lib/active_record/connection_adapters/abstract_adapter.rb:1290:in 'ActiveRecord::ConnectionAdapters::AbstractAdapter#attempt_configure_connection'
activerecord (8.1.3) lib/active_record/connection_adapters/abstract_adapter.rb:716:in 'block in ActiveRecord::ConnectionAdapters::AbstractAdapter#reconnect!'
activesupport (8.1.3) lib/active_support/concurrency/null_lock.rb:9:in 'ActiveSupport::Concurrency::NullLock#synchronize'
activerecord (8.1.3) lib/active_record/connection_adapters/abstract_adapter.rb:715:in 'ActiveRecord::ConnectionAdapters::AbstractAdapter#reconnect!'
activerecord (8.1.3) lib/active_record/connection_adapters/abstract_adapter.rb:830:in 'block in ActiveRecord::ConnectionAdapters::AbstractAdapter#verify!'
activesupport (8.1.3) lib/active_support/concurrency/null_lock.rb:9:in 'ActiveSupport::Concurrency::NullLock#synchronize'
activerecord (8.1.3) lib/active_record/connection_adapters/abstract_adapter.rb:817:in 'ActiveRecord::ConnectionAdapters::AbstractAdapter#verify!'
activerecord (8.1.3) lib/active_record/connection_adapters/abstract_adapter.rb:839:in 'ActiveRecord::ConnectionAdapters::AbstractAdapter#connect!'
activerecord (8.1.3) lib/active_record/connection_adapters/abstract_adapter.rb:1056:in 'block in ActiveRecord::ConnectionAdapters::AbstractAdapter#with_raw_connection'
activesupport (8.1.3) lib/active_support/concurrency/null_lock.rb:9:in 'ActiveSupport::Concurrency::NullLock#synchronize'
activerecord (8.1.3) lib/active_record/connection_adapters/abstract_adapter.rb:1055:in 'ActiveRecord::ConnectionAdapters::AbstractAdapter#with_raw_connection'
activerecord (8.1.3) lib/active_record/connection_adapters/postgresql/quoting.rb:128:in 'ActiveRecord::ConnectionAdapters::PostgreSQL::Quoting#quote_string'
activerecord (8.1.3) lib/active_record/connection_adapters/abstract/quoting.rb:75:in 'ActiveRecord::ConnectionAdapters::Quoting#quote'
activerecord (8.1.3) lib/active_record/connection_adapters/postgresql/quoting.rb:122:in 'ActiveRecord::ConnectionAdapters::PostgreSQL::Quoting#quote'
activerecord (8.1.3) lib/active_record/connection_adapters/postgresql/schema_statements.rb:1180:in 'ActiveRecord::ConnectionAdapters::PostgreSQL::SchemaStatements#quoted_scope'
activerecord (8.1.3) lib/active_record/connection_adapters/postgresql/schema_statements.rb:1157:in 'ActiveRecord::ConnectionAdapters::PostgreSQL::SchemaStatements#data_source_sql'
activerecord (8.1.3) lib/active_record/connection_adapters/abstract/schema_statements.rb:61:in 'ActiveRecord::ConnectionAdapters::SchemaStatements#table_exists?'
activerecord (8.1.3) lib/active_record/schema_migration.rb:55:in 'block in ActiveRecord::SchemaMigration#create_table'
activerecord (8.1.3) lib/active_record/connection_adapters/abstract/connection_pool.rb:463:in 'ActiveRecord::ConnectionAdapters::ConnectionPool#with_connection'
activerecord (8.1.3) lib/active_record/schema_migration.rb:54:in 'ActiveRecord::SchemaMigration#create_table'
activerecord (8.1.3) lib/active_record/migration.rb:1440:in 'ActiveRecord::Migrator#initialize'
activerecord (8.1.3) lib/active_record/migration.rb:1288:in 'Class#new'
activerecord (8.1.3) lib/active_record/migration.rb:1288:in 'ActiveRecord::MigrationContext#open'
activerecord (8.1.3) lib/active_record/migration.rb:763:in 'block (2 levels) in ActiveRecord::Migration.pending_migrations'
activerecord (8.1.3) lib/active_record/migration/pending_migration_connection.rb:8:in 'ActiveRecord::PendingMigrationConnection.with_temporary_pool'
activerecord (8.1.3) lib/active_record/migration.rb:762:in 'block in ActiveRecord::Migration.pending_migrations'
activerecord (8.1.3) lib/active_record/migration.rb:761:in 'Array#each'
activerecord (8.1.3) lib/active_record/migration.rb:761:in 'ActiveRecord::Migration.pending_migrations'
activerecord (8.1.3) lib/active_record/migration.rb:740:in 'ActiveRecord::Migration.check_pending_migrations'
activerecord (8.1.3) lib/active_record/migration.rb:660:in 'block (2 levels) in ActiveRecord::Migration::CheckPending#call'
activesupport (8.1.3) lib/active_support/file_update_checker.rb:88:in 'ActiveSupport::FileUpdateChecker#execute'
activerecord (8.1.3) lib/active_record/migration.rb:665:in 'block in ActiveRecord::Migration::CheckPending#call'
activerecord (8.1.3) lib/active_record/migration.rb:657:in 'Thread::Mutex#synchronize'
activerecord (8.1.3) lib/active_record/migration.rb:657:in 'ActiveRecord::Migration::CheckPending#call'
actionpack (8.1.3) lib/action_dispatch/middleware/callbacks.rb:31:in 'block in ActionDispatch::Callbacks#call'
activesupport (8.1.3) lib/active_support/callbacks.rb:101:in 'ActiveSupport::Callbacks#run_callbacks'
actionpack (8.1.3) lib/action_dispatch/middleware/callbacks.rb:30:in 'ActionDispatch::Callbacks#call'
actionpack (8.1.3) lib/action_dispatch/middleware/executor.rb:20:in 'ActionDispatch::Executor#call'
actionpack (8.1.3) lib/action_dispatch/middleware/actionable_exceptions.rb:18:in 'ActionDispatch::ActionableExceptions#call'
actionpack (8.1.3) lib/action_dispatch/middleware/debug_exceptions.rb:31:in 'ActionDispatch::DebugExceptions#call'
web-console (4.3.0) lib/web_console/middleware.rb:132:in 'WebConsole::Middleware#call_app'
web-console (4.3.0) lib/web_console/middleware.rb:28:in 'block in WebConsole::Middleware#call'
web-console (4.3.0) lib/web_console/middleware.rb:17:in 'Kernel#catch'
web-console (4.3.0) lib/web_console/middleware.rb:17:in 'WebConsole::Middleware#call'
actionpack (8.1.3) lib/action_dispatch/middleware/show_exceptions.rb:32:in 'ActionDispatch::ShowExceptions#call'
railties (8.1.3) lib/rails/rack/logger.rb:41:in 'Rails::Rack::Logger#call_app'
railties (8.1.3) lib/rails/rack/logger.rb:29:in 'Rails::Rack::Logger#call'
propshaft (1.3.2) lib/propshaft/quiet_assets.rb:11:in 'Propshaft::QuietAssets#call'
actionpack (8.1.3) lib/action_dispatch/middleware/remote_ip.rb:98:in 'ActionDispatch::RemoteIp#call'
actionpack (8.1.3) lib/action_dispatch/middleware/request_id.rb:34:in 'ActionDispatch::RequestId#call'
rack (3.2.6) lib/rack/method_override.rb:28:in 'Rack::MethodOverride#call'
rack (3.2.6) lib/rack/runtime.rb:24:in 'Rack::Runtime#call'
activesupport (8.1.3) lib/active_support/cache/strategy/local_cache_middleware.rb:30:in 'ActiveSupport::Cache::Strategy::LocalCache::Middleware#call'
actionpack (8.1.3) lib/action_dispatch/middleware/server_timing.rb:61:in 'block in ActionDispatch::ServerTiming#call'
actionpack (8.1.3) lib/action_dispatch/middleware/server_timing.rb:26:in 'ActionDispatch::ServerTiming::Subscriber#collect_events'
actionpack (8.1.3) lib/action_dispatch/middleware/server_timing.rb:60:in 'ActionDispatch::ServerTiming#call'
actionpack (8.1.3) lib/action_dispatch/middleware/executor.rb:20:in 'ActionDispatch::Executor#call'
propshaft (1.3.2) lib/propshaft/server.rb:37:in 'Propshaft::Server#call'
actionpack (8.1.3) lib/action_dispatch/middleware/static.rb:27:in 'ActionDispatch::Static#call'
rack (3.2.6) lib/rack/sendfile.rb:131:in 'Rack::Sendfile#call'
actionpack (8.1.3) lib/action_dispatch/middleware/host_authorization.rb:143:in 'ActionDispatch::HostAuthorization#call'
railties (8.1.3) lib/rails/engine.rb:534:in 'Rails::Engine#call'
puma (8.0.2) lib/puma/configuration.rb:305:in 'Puma::Configuration::ConfigMiddleware#call'
puma (8.0.2) lib/puma/response.rb:79:in 'block in Puma::Response#handle_request'
puma (8.0.2) lib/puma/thread_pool.rb:434:in 'Puma::ThreadPool#with_force_shutdown'
puma (8.0.2) lib/puma/response.rb:78:in 'Puma::Response#handle_request'
puma (8.0.2) lib/puma/server.rb:508:in 'Puma::Server#process_client'
puma (8.0.2) lib/puma/server.rb:263:in 'block in Puma::Server#run'
puma (8.0.2) lib/puma/thread_pool.rb:246:in 'block in Puma::ThreadPool#spawn_thread'
Started GET "/" for 127.0.0.1 at 2026-07-11 23:08:39 -0300
  
ActiveRecord::ConnectionNotEstablished (connection to server on socket "/var/run/postgresql/.s.PGSQL.5432" failed: No such file or directory
	Is the server running locally and accepting connections on that socket?
connection to server on socket "/run/postgresql/.s.PGSQL.5432" failed: No such file or directory
	Is the server running locally and accepting connections on that socket?
connection to server on socket "/tmp/.s.PGSQL.5432" failed: No such file or directory
	Is the server running locally and accepting connections on that socket?
)
Caused by: PG::ConnectionBad (connection to server on socket "/var/run/postgresql/.s.PGSQL.5432" failed: No such file or directory
	Is the server running locally and accepting connections on that socket?
connection to server on socket "/run/postgresql/.s.PGSQL.5432" failed: No such file or directory
	Is the server running locally and accepting connections on that socket?
connection to server on socket "/tmp/.s.PGSQL.5432" failed: No such file or directory
	Is the server running locally and accepting connections on that socket?
)

Information for: ActiveRecord::ConnectionNotEstablished (connection to server on socket "/var/run/postgresql/.s.PGSQL.5432" failed: No such file or directory
	Is the server running locally and accepting connections on that socket?
connection to server on socket "/run/postgresql/.s.PGSQL.5432" failed: No such file or directory
	Is the server running locally and accepting connections on that socket?
connection to server on socket "/tmp/.s.PGSQL.5432" failed: No such file or directory
	Is the server running locally and accepting connections on that socket?
):
  
activerecord (8.1.3) lib/active_record/connection_adapters/postgresql_adapter.rb:69:in 'ActiveRecord::ConnectionAdapters::PostgreSQLAdapter.new_client'
activerecord (8.1.3) lib/active_record/connection_adapters/postgresql_adapter.rb:960:in 'ActiveRecord::ConnectionAdapters::PostgreSQLAdapter#connect'
activerecord (8.1.3) lib/active_record/connection_adapters/postgresql_adapter.rb:972:in 'ActiveRecord::ConnectionAdapters::PostgreSQLAdapter#reconnect'
activerecord (8.1.3) lib/active_record/connection_adapters/abstract_adapter.rb:719:in 'block (2 levels) in ActiveRecord::ConnectionAdapters::AbstractAdapter#reconnect!'
activerecord (8.1.3) lib/active_record/connection_adapters/abstract_adapter.rb:1290:in 'ActiveRecord::ConnectionAdapters::AbstractAdapter#attempt_configure_connection'
activerecord (8.1.3) lib/active_record/connection_adapters/abstract_adapter.rb:716:in 'block in ActiveRecord::ConnectionAdapters::AbstractAdapter#reconnect!'
activesupport (8.1.3) lib/active_support/concurrency/null_lock.rb:9:in 'ActiveSupport::Concurrency::NullLock#synchronize'
activerecord (8.1.3) lib/active_record/connection_adapters/abstract_adapter.rb:715:in 'ActiveRecord::ConnectionAdapters::AbstractAdapter#reconnect!'
activerecord (8.1.3) lib/active_record/connection_adapters/abstract_adapter.rb:830:in 'block in ActiveRecord::ConnectionAdapters::AbstractAdapter#verify!'
activesupport (8.1.3) lib/active_support/concurrency/null_lock.rb:9:in 'ActiveSupport::Concurrency::NullLock#synchronize'
activerecord (8.1.3) lib/active_record/connection_adapters/abstract_adapter.rb:817:in 'ActiveRecord::ConnectionAdapters::AbstractAdapter#verify!'
activerecord (8.1.3) lib/active_record/connection_adapters/abstract_adapter.rb:839:in 'ActiveRecord::ConnectionAdapters::AbstractAdapter#connect!'
activerecord (8.1.3) lib/active_record/connection_adapters/abstract_adapter.rb:1056:in 'block in ActiveRecord::ConnectionAdapters::AbstractAdapter#with_raw_connection'
activesupport (8.1.3) lib/active_support/concurrency/null_lock.rb:9:in 'ActiveSupport::Concurrency::NullLock#synchronize'
activerecord (8.1.3) lib/active_record/connection_adapters/abstract_adapter.rb:1055:in 'ActiveRecord::ConnectionAdapters::AbstractAdapter#with_raw_connection'
activerecord (8.1.3) lib/active_record/connection_adapters/postgresql/quoting.rb:128:in 'ActiveRecord::ConnectionAdapters::PostgreSQL::Quoting#quote_string'
activerecord (8.1.3) lib/active_record/connection_adapters/abstract/quoting.rb:75:in 'ActiveRecord::ConnectionAdapters::Quoting#quote'
activerecord (8.1.3) lib/active_record/connection_adapters/postgresql/quoting.rb:122:in 'ActiveRecord::ConnectionAdapters::PostgreSQL::Quoting#quote'
activerecord (8.1.3) lib/active_record/connection_adapters/postgresql/schema_statements.rb:1180:in 'ActiveRecord::ConnectionAdapters::PostgreSQL::SchemaStatements#quoted_scope'
activerecord (8.1.3) lib/active_record/connection_adapters/postgresql/schema_statements.rb:1157:in 'ActiveRecord::ConnectionAdapters::PostgreSQL::SchemaStatements#data_source_sql'
activerecord (8.1.3) lib/active_record/connection_adapters/abstract/schema_statements.rb:61:in 'ActiveRecord::ConnectionAdapters::SchemaStatements#table_exists?'
activerecord (8.1.3) lib/active_record/schema_migration.rb:55:in 'block in ActiveRecord::SchemaMigration#create_table'
activerecord (8.1.3) lib/active_record/connection_adapters/abstract/connection_pool.rb:463:in 'ActiveRecord::ConnectionAdapters::ConnectionPool#with_connection'
activerecord (8.1.3) lib/active_record/schema_migration.rb:54:in 'ActiveRecord::SchemaMigration#create_table'
activerecord (8.1.3) lib/active_record/migration.rb:1440:in 'ActiveRecord::Migrator#initialize'
activerecord (8.1.3) lib/active_record/migration.rb:1288:in 'Class#new'
activerecord (8.1.3) lib/active_record/migration.rb:1288:in 'ActiveRecord::MigrationContext#open'
activerecord (8.1.3) lib/active_record/migration.rb:763:in 'block (2 levels) in ActiveRecord::Migration.pending_migrations'
activerecord (8.1.3) lib/active_record/migration/pending_migration_connection.rb:8:in 'ActiveRecord::PendingMigrationConnection.with_temporary_pool'
activerecord (8.1.3) lib/active_record/migration.rb:762:in 'block in ActiveRecord::Migration.pending_migrations'
activerecord (8.1.3) lib/active_record/migration.rb:761:in 'Array#each'
activerecord (8.1.3) lib/active_record/migration.rb:761:in 'ActiveRecord::Migration.pending_migrations'
activerecord (8.1.3) lib/active_record/migration.rb:740:in 'ActiveRecord::Migration.check_pending_migrations'
activerecord (8.1.3) lib/active_record/migration.rb:660:in 'block (2 levels) in ActiveRecord::Migration::CheckPending#call'
activesupport (8.1.3) lib/active_support/file_update_checker.rb:88:in 'ActiveSupport::FileUpdateChecker#execute'
activerecord (8.1.3) lib/active_record/migration.rb:665:in 'block in ActiveRecord::Migration::CheckPending#call'
activerecord (8.1.3) lib/active_record/migration.rb:657:in 'Thread::Mutex#synchronize'
activerecord (8.1.3) lib/active_record/migration.rb:657:in 'ActiveRecord::Migration::CheckPending#call'
actionpack (8.1.3) lib/action_dispatch/middleware/callbacks.rb:31:in 'block in ActionDispatch::Callbacks#call'
activesupport (8.1.3) lib/active_support/callbacks.rb:101:in 'ActiveSupport::Callbacks#run_callbacks'
actionpack (8.1.3) lib/action_dispatch/middleware/callbacks.rb:30:in 'ActionDispatch::Callbacks#call'
actionpack (8.1.3) lib/action_dispatch/middleware/executor.rb:20:in 'ActionDispatch::Executor#call'
actionpack (8.1.3) lib/action_dispatch/middleware/actionable_exceptions.rb:18:in 'ActionDispatch::ActionableExceptions#call'
actionpack (8.1.3) lib/action_dispatch/middleware/debug_exceptions.rb:31:in 'ActionDispatch::DebugExceptions#call'
web-console (4.3.0) lib/web_console/middleware.rb:132:in 'WebConsole::Middleware#call_app'
web-console (4.3.0) lib/web_console/middleware.rb:28:in 'block in WebConsole::Middleware#call'
web-console (4.3.0) lib/web_console/middleware.rb:17:in 'Kernel#catch'
web-console (4.3.0) lib/web_console/middleware.rb:17:in 'WebConsole::Middleware#call'
actionpack (8.1.3) lib/action_dispatch/middleware/show_exceptions.rb:32:in 'ActionDispatch::ShowExceptions#call'
railties (8.1.3) lib/rails/rack/logger.rb:41:in 'Rails::Rack::Logger#call_app'
railties (8.1.3) lib/rails/rack/logger.rb:29:in 'Rails::Rack::Logger#call'
propshaft (1.3.2) lib/propshaft/quiet_assets.rb:11:in 'Propshaft::QuietAssets#call'
actionpack (8.1.3) lib/action_dispatch/middleware/remote_ip.rb:98:in 'ActionDispatch::RemoteIp#call'
actionpack (8.1.3) lib/action_dispatch/middleware/request_id.rb:34:in 'ActionDispatch::RequestId#call'
rack (3.2.6) lib/rack/method_override.rb:28:in 'Rack::MethodOverride#call'
rack (3.2.6) lib/rack/runtime.rb:24:in 'Rack::Runtime#call'
activesupport (8.1.3) lib/active_support/cache/strategy/local_cache_middleware.rb:30:in 'ActiveSupport::Cache::Strategy::LocalCache::Middleware#call'
actionpack (8.1.3) lib/action_dispatch/middleware/server_timing.rb:61:in 'block in ActionDispatch::ServerTiming#call'
actionpack (8.1.3) lib/action_dispatch/middleware/server_timing.rb:26:in 'ActionDispatch::ServerTiming::Subscriber#collect_events'
actionpack (8.1.3) lib/action_dispatch/middleware/server_timing.rb:60:in 'ActionDispatch::ServerTiming#call'
actionpack (8.1.3) lib/action_dispatch/middleware/executor.rb:20:in 'ActionDispatch::Executor#call'
propshaft (1.3.2) lib/propshaft/server.rb:37:in 'Propshaft::Server#call'
actionpack (8.1.3) lib/action_dispatch/middleware/static.rb:27:in 'ActionDispatch::Static#call'
rack (3.2.6) lib/rack/sendfile.rb:131:in 'Rack::Sendfile#call'
actionpack (8.1.3) lib/action_dispatch/middleware/host_authorization.rb:143:in 'ActionDispatch::HostAuthorization#call'
railties (8.1.3) lib/rails/engine.rb:534:in 'Rails::Engine#call'
puma (8.0.2) lib/puma/configuration.rb:305:in 'Puma::Configuration::ConfigMiddleware#call'
puma (8.0.2) lib/puma/response.rb:79:in 'block in Puma::Response#handle_request'
puma (8.0.2) lib/puma/thread_pool.rb:434:in 'Puma::ThreadPool#with_force_shutdown'
puma (8.0.2) lib/puma/response.rb:78:in 'Puma::Response#handle_request'
puma (8.0.2) lib/puma/server.rb:508:in 'Puma::Server#process_client'
puma (8.0.2) lib/puma/server.rb:263:in 'block in Puma::Server#run'
puma (8.0.2) lib/puma/thread_pool.rb:246:in 'block in Puma::ThreadPool#spawn_thread'

Information for cause: PG::ConnectionBad (connection to server on socket "/var/run/postgresql/.s.PGSQL.5432" failed: No such file or directory
	Is the server running locally and accepting connections on that socket?
connection to server on socket "/run/postgresql/.s.PGSQL.5432" failed: No such file or directory
	Is the server running locally and accepting connections on that socket?
connection to server on socket "/tmp/.s.PGSQL.5432" failed: No such file or directory
	Is the server running locally and accepting connections on that socket?
):
  
pg-1.6.3-x86_64 (linux) lib/pg/connection.rb:944:in 'PG::Connection.connect_start'
pg-1.6.3-x86_64 (linux) lib/pg/connection.rb:944:in 'PG::Connection.connect_to_hosts'
pg-1.6.3-x86_64 (linux) lib/pg/connection.rb:871:in 'PG::Connection.new'
pg-1.6.3-x86_64 (linux) lib/pg.rb:88:in 'PG.connect'
activerecord (8.1.3) lib/active_record/connection_adapters/postgresql_adapter.rb:58:in 'ActiveRecord::ConnectionAdapters::PostgreSQLAdapter.new_client'
activerecord (8.1.3) lib/active_record/connection_adapters/postgresql_adapter.rb:960:in 'ActiveRecord::ConnectionAdapters::PostgreSQLAdapter#connect'
activerecord (8.1.3) lib/active_record/connection_adapters/postgresql_adapter.rb:972:in 'ActiveRecord::ConnectionAdapters::PostgreSQLAdapter#reconnect'
activerecord (8.1.3) lib/active_record/connection_adapters/abstract_adapter.rb:719:in 'block (2 levels) in ActiveRecord::ConnectionAdapters::AbstractAdapter#reconnect!'
activerecord (8.1.3) lib/active_record/connection_adapters/abstract_adapter.rb:1290:in 'ActiveRecord::ConnectionAdapters::AbstractAdapter#attempt_configure_connection'
activerecord (8.1.3) lib/active_record/connection_adapters/abstract_adapter.rb:716:in 'block in ActiveRecord::ConnectionAdapters::AbstractAdapter#reconnect!'
activesupport (8.1.3) lib/active_support/concurrency/null_lock.rb:9:in 'ActiveSupport::Concurrency::NullLock#synchronize'
activerecord (8.1.3) lib/active_record/connection_adapters/abstract_adapter.rb:715:in 'ActiveRecord::ConnectionAdapters::AbstractAdapter#reconnect!'
activerecord (8.1.3) lib/active_record/connection_adapters/abstract_adapter.rb:830:in 'block in ActiveRecord::ConnectionAdapters::AbstractAdapter#verify!'
activesupport (8.1.3) lib/active_support/concurrency/null_lock.rb:9:in 'ActiveSupport::Concurrency::NullLock#synchronize'
activerecord (8.1.3) lib/active_record/connection_adapters/abstract_adapter.rb:817:in 'ActiveRecord::ConnectionAdapters::AbstractAdapter#verify!'
activerecord (8.1.3) lib/active_record/connection_adapters/abstract_adapter.rb:839:in 'ActiveRecord::ConnectionAdapters::AbstractAdapter#connect!'
activerecord (8.1.3) lib/active_record/connection_adapters/abstract_adapter.rb:1056:in 'block in ActiveRecord::ConnectionAdapters::AbstractAdapter#with_raw_connection'
activesupport (8.1.3) lib/active_support/concurrency/null_lock.rb:9:in 'ActiveSupport::Concurrency::NullLock#synchronize'
activerecord (8.1.3) lib/active_record/connection_adapters/abstract_adapter.rb:1055:in 'ActiveRecord::ConnectionAdapters::AbstractAdapter#with_raw_connection'
activerecord (8.1.3) lib/active_record/connection_adapters/postgresql/quoting.rb:128:in 'ActiveRecord::ConnectionAdapters::PostgreSQL::Quoting#quote_string'
activerecord (8.1.3) lib/active_record/connection_adapters/abstract/quoting.rb:75:in 'ActiveRecord::ConnectionAdapters::Quoting#quote'
activerecord (8.1.3) lib/active_record/connection_adapters/postgresql/quoting.rb:122:in 'ActiveRecord::ConnectionAdapters::PostgreSQL::Quoting#quote'
activerecord (8.1.3) lib/active_record/connection_adapters/postgresql/schema_statements.rb:1180:in 'ActiveRecord::ConnectionAdapters::PostgreSQL::SchemaStatements#quoted_scope'
activerecord (8.1.3) lib/active_record/connection_adapters/postgresql/schema_statements.rb:1157:in 'ActiveRecord::ConnectionAdapters::PostgreSQL::SchemaStatements#data_source_sql'
activerecord (8.1.3) lib/active_record/connection_adapters/abstract/schema_statements.rb:61:in 'ActiveRecord::ConnectionAdapters::SchemaStatements#table_exists?'
activerecord (8.1.3) lib/active_record/schema_migration.rb:55:in 'block in ActiveRecord::SchemaMigration#create_table'
activerecord (8.1.3) lib/active_record/connection_adapters/abstract/connection_pool.rb:463:in 'ActiveRecord::ConnectionAdapters::ConnectionPool#with_connection'
activerecord (8.1.3) lib/active_record/schema_migration.rb:54:in 'ActiveRecord::SchemaMigration#create_table'
activerecord (8.1.3) lib/active_record/migration.rb:1440:in 'ActiveRecord::Migrator#initialize'
activerecord (8.1.3) lib/active_record/migration.rb:1288:in 'Class#new'
activerecord (8.1.3) lib/active_record/migration.rb:1288:in 'ActiveRecord::MigrationContext#open'
activerecord (8.1.3) lib/active_record/migration.rb:763:in 'block (2 levels) in ActiveRecord::Migration.pending_migrations'
activerecord (8.1.3) lib/active_record/migration/pending_migration_connection.rb:8:in 'ActiveRecord::PendingMigrationConnection.with_temporary_pool'
activerecord (8.1.3) lib/active_record/migration.rb:762:in 'block in ActiveRecord::Migration.pending_migrations'
activerecord (8.1.3) lib/active_record/migration.rb:761:in 'Array#each'
activerecord (8.1.3) lib/active_record/migration.rb:761:in 'ActiveRecord::Migration.pending_migrations'
activerecord (8.1.3) lib/active_record/migration.rb:740:in 'ActiveRecord::Migration.check_pending_migrations'
activerecord (8.1.3) lib/active_record/migration.rb:660:in 'block (2 levels) in ActiveRecord::Migration::CheckPending#call'
activesupport (8.1.3) lib/active_support/file_update_checker.rb:88:in 'ActiveSupport::FileUpdateChecker#execute'
activerecord (8.1.3) lib/active_record/migration.rb:665:in 'block in ActiveRecord::Migration::CheckPending#call'
activerecord (8.1.3) lib/active_record/migration.rb:657:in 'Thread::Mutex#synchronize'
activerecord (8.1.3) lib/active_record/migration.rb:657:in 'ActiveRecord::Migration::CheckPending#call'
actionpack (8.1.3) lib/action_dispatch/middleware/callbacks.rb:31:in 'block in ActionDispatch::Callbacks#call'
activesupport (8.1.3) lib/active_support/callbacks.rb:101:in 'ActiveSupport::Callbacks#run_callbacks'
actionpack (8.1.3) lib/action_dispatch/middleware/callbacks.rb:30:in 'ActionDispatch::Callbacks#call'
actionpack (8.1.3) lib/action_dispatch/middleware/executor.rb:20:in 'ActionDispatch::Executor#call'
actionpack (8.1.3) lib/action_dispatch/middleware/actionable_exceptions.rb:18:in 'ActionDispatch::ActionableExceptions#call'
actionpack (8.1.3) lib/action_dispatch/middleware/debug_exceptions.rb:31:in 'ActionDispatch::DebugExceptions#call'
web-console (4.3.0) lib/web_console/middleware.rb:132:in 'WebConsole::Middleware#call_app'
web-console (4.3.0) lib/web_console/middleware.rb:28:in 'block in WebConsole::Middleware#call'
web-console (4.3.0) lib/web_console/middleware.rb:17:in 'Kernel#catch'
web-console (4.3.0) lib/web_console/middleware.rb:17:in 'WebConsole::Middleware#call'
actionpack (8.1.3) lib/action_dispatch/middleware/show_exceptions.rb:32:in 'ActionDispatch::ShowExceptions#call'
railties (8.1.3) lib/rails/rack/logger.rb:41:in 'Rails::Rack::Logger#call_app'
railties (8.1.3) lib/rails/rack/logger.rb:29:in 'Rails::Rack::Logger#call'
propshaft (1.3.2) lib/propshaft/quiet_assets.rb:11:in 'Propshaft::QuietAssets#call'
actionpack (8.1.3) lib/action_dispatch/middleware/remote_ip.rb:98:in 'ActionDispatch::RemoteIp#call'
actionpack (8.1.3) lib/action_dispatch/middleware/request_id.rb:34:in 'ActionDispatch::RequestId#call'
rack (3.2.6) lib/rack/method_override.rb:28:in 'Rack::MethodOverride#call'
rack (3.2.6) lib/rack/runtime.rb:24:in 'Rack::Runtime#call'
activesupport (8.1.3) lib/active_support/cache/strategy/local_cache_middleware.rb:30:in 'ActiveSupport::Cache::Strategy::LocalCache::Middleware#call'
actionpack (8.1.3) lib/action_dispatch/middleware/server_timing.rb:61:in 'block in ActionDispatch::ServerTiming#call'
actionpack (8.1.3) lib/action_dispatch/middleware/server_timing.rb:26:in 'ActionDispatch::ServerTiming::Subscriber#collect_events'
actionpack (8.1.3) lib/action_dispatch/middleware/server_timing.rb:60:in 'ActionDispatch::ServerTiming#call'
actionpack (8.1.3) lib/action_dispatch/middleware/executor.rb:20:in 'ActionDispatch::Executor#call'
propshaft (1.3.2) lib/propshaft/server.rb:37:in 'Propshaft::Server#call'
actionpack (8.1.3) lib/action_dispatch/middleware/static.rb:27:in 'ActionDispatch::Static#call'
rack (3.2.6) lib/rack/sendfile.rb:131:in 'Rack::Sendfile#call'
actionpack (8.1.3) lib/action_dispatch/middleware/host_authorization.rb:143:in 'ActionDispatch::HostAuthorization#call'
railties (8.1.3) lib/rails/engine.rb:534:in 'Rails::Engine#call'
puma (8.0.2) lib/puma/configuration.rb:305:in 'Puma::Configuration::ConfigMiddleware#call'
puma (8.0.2) lib/puma/response.rb:79:in 'block in Puma::Response#handle_request'
puma (8.0.2) lib/puma/thread_pool.rb:434:in 'Puma::ThreadPool#with_force_shutdown'
puma (8.0.2) lib/puma/response.rb:78:in 'Puma::Response#handle_request'
puma (8.0.2) lib/puma/server.rb:508:in 'Puma::Server#process_client'
puma (8.0.2) lib/puma/server.rb:263:in 'block in Puma::Server#run'
puma (8.0.2) lib/puma/thread_pool.rb:246:in 'block in Puma::ThreadPool#spawn_thread'
Started GET "/" for 127.0.0.1 at 2026-07-11 23:08:41 -0300
  
ActiveRecord::ConnectionNotEstablished (connection to server on socket "/var/run/postgresql/.s.PGSQL.5432" failed: No such file or directory
	Is the server running locally and accepting connections on that socket?
connection to server on socket "/run/postgresql/.s.PGSQL.5432" failed: No such file or directory
	Is the server running locally and accepting connections on that socket?
connection to server on socket "/tmp/.s.PGSQL.5432" failed: No such file or directory
	Is the server running locally and accepting connections on that socket?
)
Caused by: PG::ConnectionBad (connection to server on socket "/var/run/postgresql/.s.PGSQL.5432" failed: No such file or directory
	Is the server running locally and accepting connections on that socket?
connection to server on socket "/run/postgresql/.s.PGSQL.5432" failed: No such file or directory
	Is the server running locally and accepting connections on that socket?
connection to server on socket "/tmp/.s.PGSQL.5432" failed: No such file or directory
	Is the server running locally and accepting connections on that socket?
)

Information for: ActiveRecord::ConnectionNotEstablished (connection to server on socket "/var/run/postgresql/.s.PGSQL.5432" failed: No such file or directory
	Is the server running locally and accepting connections on that socket?
connection to server on socket "/run/postgresql/.s.PGSQL.5432" failed: No such file or directory
	Is the server running locally and accepting connections on that socket?
connection to server on socket "/tmp/.s.PGSQL.5432" failed: No such file or directory
	Is the server running locally and accepting connections on that socket?
):
  
activerecord (8.1.3) lib/active_record/connection_adapters/postgresql_adapter.rb:69:in 'ActiveRecord::ConnectionAdapters::PostgreSQLAdapter.new_client'
activerecord (8.1.3) lib/active_record/connection_adapters/postgresql_adapter.rb:960:in 'ActiveRecord::ConnectionAdapters::PostgreSQLAdapter#connect'
activerecord (8.1.3) lib/active_record/connection_adapters/postgresql_adapter.rb:972:in 'ActiveRecord::ConnectionAdapters::PostgreSQLAdapter#reconnect'
activerecord (8.1.3) lib/active_record/connection_adapters/abstract_adapter.rb:719:in 'block (2 levels) in ActiveRecord::ConnectionAdapters::AbstractAdapter#reconnect!'
activerecord (8.1.3) lib/active_record/connection_adapters/abstract_adapter.rb:1290:in 'ActiveRecord::ConnectionAdapters::AbstractAdapter#attempt_configure_connection'
activerecord (8.1.3) lib/active_record/connection_adapters/abstract_adapter.rb:716:in 'block in ActiveRecord::ConnectionAdapters::AbstractAdapter#reconnect!'
activesupport (8.1.3) lib/active_support/concurrency/null_lock.rb:9:in 'ActiveSupport::Concurrency::NullLock#synchronize'
activerecord (8.1.3) lib/active_record/connection_adapters/abstract_adapter.rb:715:in 'ActiveRecord::ConnectionAdapters::AbstractAdapter#reconnect!'
activerecord (8.1.3) lib/active_record/connection_adapters/abstract_adapter.rb:830:in 'block in ActiveRecord::ConnectionAdapters::AbstractAdapter#verify!'
activesupport (8.1.3) lib/active_support/concurrency/null_lock.rb:9:in 'ActiveSupport::Concurrency::NullLock#synchronize'
activerecord (8.1.3) lib/active_record/connection_adapters/abstract_adapter.rb:817:in 'ActiveRecord::ConnectionAdapters::AbstractAdapter#verify!'
activerecord (8.1.3) lib/active_record/connection_adapters/abstract_adapter.rb:839:in 'ActiveRecord::ConnectionAdapters::AbstractAdapter#connect!'
activerecord (8.1.3) lib/active_record/connection_adapters/abstract_adapter.rb:1056:in 'block in ActiveRecord::ConnectionAdapters::AbstractAdapter#with_raw_connection'
activesupport (8.1.3) lib/active_support/concurrency/null_lock.rb:9:in 'ActiveSupport::Concurrency::NullLock#synchronize'
activerecord (8.1.3) lib/active_record/connection_adapters/abstract_adapter.rb:1055:in 'ActiveRecord::ConnectionAdapters::AbstractAdapter#with_raw_connection'
activerecord (8.1.3) lib/active_record/connection_adapters/postgresql/quoting.rb:128:in 'ActiveRecord::ConnectionAdapters::PostgreSQL::Quoting#quote_string'
activerecord (8.1.3) lib/active_record/connection_adapters/abstract/quoting.rb:75:in 'ActiveRecord::ConnectionAdapters::Quoting#quote'
activerecord (8.1.3) lib/active_record/connection_adapters/postgresql/quoting.rb:122:in 'ActiveRecord::ConnectionAdapters::PostgreSQL::Quoting#quote'
activerecord (8.1.3) lib/active_record/connection_adapters/postgresql/schema_statements.rb:1180:in 'ActiveRecord::ConnectionAdapters::PostgreSQL::SchemaStatements#quoted_scope'
activerecord (8.1.3) lib/active_record/connection_adapters/postgresql/schema_statements.rb:1157:in 'ActiveRecord::ConnectionAdapters::PostgreSQL::SchemaStatements#data_source_sql'
activerecord (8.1.3) lib/active_record/connection_adapters/abstract/schema_statements.rb:61:in 'ActiveRecord::ConnectionAdapters::SchemaStatements#table_exists?'
activerecord (8.1.3) lib/active_record/schema_migration.rb:55:in 'block in ActiveRecord::SchemaMigration#create_table'
activerecord (8.1.3) lib/active_record/connection_adapters/abstract/connection_pool.rb:463:in 'ActiveRecord::ConnectionAdapters::ConnectionPool#with_connection'
activerecord (8.1.3) lib/active_record/schema_migration.rb:54:in 'ActiveRecord::SchemaMigration#create_table'
activerecord (8.1.3) lib/active_record/migration.rb:1440:in 'ActiveRecord::Migrator#initialize'
activerecord (8.1.3) lib/active_record/migration.rb:1288:in 'Class#new'
activerecord (8.1.3) lib/active_record/migration.rb:1288:in 'ActiveRecord::MigrationContext#open'
activerecord (8.1.3) lib/active_record/migration.rb:763:in 'block (2 levels) in ActiveRecord::Migration.pending_migrations'
activerecord (8.1.3) lib/active_record/migration/pending_migration_connection.rb:8:in 'ActiveRecord::PendingMigrationConnection.with_temporary_pool'
activerecord (8.1.3) lib/active_record/migration.rb:762:in 'block in ActiveRecord::Migration.pending_migrations'
activerecord (8.1.3) lib/active_record/migration.rb:761:in 'Array#each'
activerecord (8.1.3) lib/active_record/migration.rb:761:in 'ActiveRecord::Migration.pending_migrations'
activerecord (8.1.3) lib/active_record/migration.rb:740:in 'ActiveRecord::Migration.check_pending_migrations'
activerecord (8.1.3) lib/active_record/migration.rb:660:in 'block (2 levels) in ActiveRecord::Migration::CheckPending#call'
activesupport (8.1.3) lib/active_support/file_update_checker.rb:88:in 'ActiveSupport::FileUpdateChecker#execute'
activerecord (8.1.3) lib/active_record/migration.rb:665:in 'block in ActiveRecord::Migration::CheckPending#call'
activerecord (8.1.3) lib/active_record/migration.rb:657:in 'Thread::Mutex#synchronize'
activerecord (8.1.3) lib/active_record/migration.rb:657:in 'ActiveRecord::Migration::CheckPending#call'
actionpack (8.1.3) lib/action_dispatch/middleware/callbacks.rb:31:in 'block in ActionDispatch::Callbacks#call'
activesupport (8.1.3) lib/active_support/callbacks.rb:101:in 'ActiveSupport::Callbacks#run_callbacks'
actionpack (8.1.3) lib/action_dispatch/middleware/callbacks.rb:30:in 'ActionDispatch::Callbacks#call'
actionpack (8.1.3) lib/action_dispatch/middleware/executor.rb:20:in 'ActionDispatch::Executor#call'
actionpack (8.1.3) lib/action_dispatch/middleware/actionable_exceptions.rb:18:in 'ActionDispatch::ActionableExceptions#call'
actionpack (8.1.3) lib/action_dispatch/middleware/debug_exceptions.rb:31:in 'ActionDispatch::DebugExceptions#call'
web-console (4.3.0) lib/web_console/middleware.rb:132:in 'WebConsole::Middleware#call_app'
web-console (4.3.0) lib/web_console/middleware.rb:28:in 'block in WebConsole::Middleware#call'
web-console (4.3.0) lib/web_console/middleware.rb:17:in 'Kernel#catch'
web-console (4.3.0) lib/web_console/middleware.rb:17:in 'WebConsole::Middleware#call'
actionpack (8.1.3) lib/action_dispatch/middleware/show_exceptions.rb:32:in 'ActionDispatch::ShowExceptions#call'
railties (8.1.3) lib/rails/rack/logger.rb:41:in 'Rails::Rack::Logger#call_app'
railties (8.1.3) lib/rails/rack/logger.rb:29:in 'Rails::Rack::Logger#call'
propshaft (1.3.2) lib/propshaft/quiet_assets.rb:11:in 'Propshaft::QuietAssets#call'
actionpack (8.1.3) lib/action_dispatch/middleware/remote_ip.rb:98:in 'ActionDispatch::RemoteIp#call'
actionpack (8.1.3) lib/action_dispatch/middleware/request_id.rb:34:in 'ActionDispatch::RequestId#call'
rack (3.2.6) lib/rack/method_override.rb:28:in 'Rack::MethodOverride#call'
rack (3.2.6) lib/rack/runtime.rb:24:in 'Rack::Runtime#call'
activesupport (8.1.3) lib/active_support/cache/strategy/local_cache_middleware.rb:30:in 'ActiveSupport::Cache::Strategy::LocalCache::Middleware#call'
actionpack (8.1.3) lib/action_dispatch/middleware/server_timing.rb:61:in 'block in ActionDispatch::ServerTiming#call'
actionpack (8.1.3) lib/action_dispatch/middleware/server_timing.rb:26:in 'ActionDispatch::ServerTiming::Subscriber#collect_events'
actionpack (8.1.3) lib/action_dispatch/middleware/server_timing.rb:60:in 'ActionDispatch::ServerTiming#call'
actionpack (8.1.3) lib/action_dispatch/middleware/executor.rb:20:in 'ActionDispatch::Executor#call'
propshaft (1.3.2) lib/propshaft/server.rb:37:in 'Propshaft::Server#call'
actionpack (8.1.3) lib/action_dispatch/middleware/static.rb:27:in 'ActionDispatch::Static#call'
rack (3.2.6) lib/rack/sendfile.rb:131:in 'Rack::Sendfile#call'
actionpack (8.1.3) lib/action_dispatch/middleware/host_authorization.rb:143:in 'ActionDispatch::HostAuthorization#call'
railties (8.1.3) lib/rails/engine.rb:534:in 'Rails::Engine#call'
puma (8.0.2) lib/puma/configuration.rb:305:in 'Puma::Configuration::ConfigMiddleware#call'
puma (8.0.2) lib/puma/response.rb:79:in 'block in Puma::Response#handle_request'
puma (8.0.2) lib/puma/thread_pool.rb:434:in 'Puma::ThreadPool#with_force_shutdown'
puma (8.0.2) lib/puma/response.rb:78:in 'Puma::Response#handle_request'
puma (8.0.2) lib/puma/server.rb:508:in 'Puma::Server#process_client'
puma (8.0.2) lib/puma/server.rb:263:in 'block in Puma::Server#run'
puma (8.0.2) lib/puma/thread_pool.rb:246:in 'block in Puma::ThreadPool#spawn_thread'

Information for cause: PG::ConnectionBad (connection to server on socket "/var/run/postgresql/.s.PGSQL.5432" failed: No such file or directory
	Is the server running locally and accepting connections on that socket?
connection to server on socket "/run/postgresql/.s.PGSQL.5432" failed: No such file or directory
	Is the server running locally and accepting connections on that socket?
connection to server on socket "/tmp/.s.PGSQL.5432" failed: No such file or directory
	Is the server running locally and accepting connections on that socket?
):
  
pg-1.6.3-x86_64 (linux) lib/pg/connection.rb:944:in 'PG::Connection.connect_start'
pg-1.6.3-x86_64 (linux) lib/pg/connection.rb:944:in 'PG::Connection.connect_to_hosts'
pg-1.6.3-x86_64 (linux) lib/pg/connection.rb:871:in 'PG::Connection.new'
pg-1.6.3-x86_64 (linux) lib/pg.rb:88:in 'PG.connect'
activerecord (8.1.3) lib/active_record/connection_adapters/postgresql_adapter.rb:58:in 'ActiveRecord::ConnectionAdapters::PostgreSQLAdapter.new_client'
activerecord (8.1.3) lib/active_record/connection_adapters/postgresql_adapter.rb:960:in 'ActiveRecord::ConnectionAdapters::PostgreSQLAdapter#connect'
activerecord (8.1.3) lib/active_record/connection_adapters/postgresql_adapter.rb:972:in 'ActiveRecord::ConnectionAdapters::PostgreSQLAdapter#reconnect'
activerecord (8.1.3) lib/active_record/connection_adapters/abstract_adapter.rb:719:in 'block (2 levels) in ActiveRecord::ConnectionAdapters::AbstractAdapter#reconnect!'
activerecord (8.1.3) lib/active_record/connection_adapters/abstract_adapter.rb:1290:in 'ActiveRecord::ConnectionAdapters::AbstractAdapter#attempt_configure_connection'
activerecord (8.1.3) lib/active_record/connection_adapters/abstract_adapter.rb:716:in 'block in ActiveRecord::ConnectionAdapters::AbstractAdapter#reconnect!'
activesupport (8.1.3) lib/active_support/concurrency/null_lock.rb:9:in 'ActiveSupport::Concurrency::NullLock#synchronize'
activerecord (8.1.3) lib/active_record/connection_adapters/abstract_adapter.rb:715:in 'ActiveRecord::ConnectionAdapters::AbstractAdapter#reconnect!'
activerecord (8.1.3) lib/active_record/connection_adapters/abstract_adapter.rb:830:in 'block in ActiveRecord::ConnectionAdapters::AbstractAdapter#verify!'
activesupport (8.1.3) lib/active_support/concurrency/null_lock.rb:9:in 'ActiveSupport::Concurrency::NullLock#synchronize'
activerecord (8.1.3) lib/active_record/connection_adapters/abstract_adapter.rb:817:in 'ActiveRecord::ConnectionAdapters::AbstractAdapter#verify!'
activerecord (8.1.3) lib/active_record/connection_adapters/abstract_adapter.rb:839:in 'ActiveRecord::ConnectionAdapters::AbstractAdapter#connect!'
activerecord (8.1.3) lib/active_record/connection_adapters/abstract_adapter.rb:1056:in 'block in ActiveRecord::ConnectionAdapters::AbstractAdapter#with_raw_connection'
activesupport (8.1.3) lib/active_support/concurrency/null_lock.rb:9:in 'ActiveSupport::Concurrency::NullLock#synchronize'
activerecord (8.1.3) lib/active_record/connection_adapters/abstract_adapter.rb:1055:in 'ActiveRecord::ConnectionAdapters::AbstractAdapter#with_raw_connection'
activerecord (8.1.3) lib/active_record/connection_adapters/postgresql/quoting.rb:128:in 'ActiveRecord::ConnectionAdapters::PostgreSQL::Quoting#quote_string'
activerecord (8.1.3) lib/active_record/connection_adapters/abstract/quoting.rb:75:in 'ActiveRecord::ConnectionAdapters::Quoting#quote'
activerecord (8.1.3) lib/active_record/connection_adapters/postgresql/quoting.rb:122:in 'ActiveRecord::ConnectionAdapters::PostgreSQL::Quoting#quote'
activerecord (8.1.3) lib/active_record/connection_adapters/postgresql/schema_statements.rb:1180:in 'ActiveRecord::ConnectionAdapters::PostgreSQL::SchemaStatements#quoted_scope'
activerecord (8.1.3) lib/active_record/connection_adapters/postgresql/schema_statements.rb:1157:in 'ActiveRecord::ConnectionAdapters::PostgreSQL::SchemaStatements#data_source_sql'
activerecord (8.1.3) lib/active_record/connection_adapters/abstract/schema_statements.rb:61:in 'ActiveRecord::ConnectionAdapters::SchemaStatements#table_exists?'
activerecord (8.1.3) lib/active_record/schema_migration.rb:55:in 'block in ActiveRecord::SchemaMigration#create_table'
activerecord (8.1.3) lib/active_record/connection_adapters/abstract/connection_pool.rb:463:in 'ActiveRecord::ConnectionAdapters::ConnectionPool#with_connection'
activerecord (8.1.3) lib/active_record/schema_migration.rb:54:in 'ActiveRecord::SchemaMigration#create_table'
activerecord (8.1.3) lib/active_record/migration.rb:1440:in 'ActiveRecord::Migrator#initialize'
activerecord (8.1.3) lib/active_record/migration.rb:1288:in 'Class#new'
activerecord (8.1.3) lib/active_record/migration.rb:1288:in 'ActiveRecord::MigrationContext#open'
activerecord (8.1.3) lib/active_record/migration.rb:763:in 'block (2 levels) in ActiveRecord::Migration.pending_migrations'
activerecord (8.1.3) lib/active_record/migration/pending_migration_connection.rb:8:in 'ActiveRecord::PendingMigrationConnection.with_temporary_pool'
activerecord (8.1.3) lib/active_record/migration.rb:762:in 'block in ActiveRecord::Migration.pending_migrations'
activerecord (8.1.3) lib/active_record/migration.rb:761:in 'Array#each'
activerecord (8.1.3) lib/active_record/migration.rb:761:in 'ActiveRecord::Migration.pending_migrations'
activerecord (8.1.3) lib/active_record/migration.rb:740:in 'ActiveRecord::Migration.check_pending_migrations'
activerecord (8.1.3) lib/active_record/migration.rb:660:in 'block (2 levels) in ActiveRecord::Migration::CheckPending#call'
activesupport (8.1.3) lib/active_support/file_update_checker.rb:88:in 'ActiveSupport::FileUpdateChecker#execute'
activerecord (8.1.3) lib/active_record/migration.rb:665:in 'block in ActiveRecord::Migration::CheckPending#call'
activerecord (8.1.3) lib/active_record/migration.rb:657:in 'Thread::Mutex#synchronize'
activerecord (8.1.3) lib/active_record/migration.rb:657:in 'ActiveRecord::Migration::CheckPending#call'
actionpack (8.1.3) lib/action_dispatch/middleware/callbacks.rb:31:in 'block in ActionDispatch::Callbacks#call'
activesupport (8.1.3) lib/active_support/callbacks.rb:101:in 'ActiveSupport::Callbacks#run_callbacks'
actionpack (8.1.3) lib/action_dispatch/middleware/callbacks.rb:30:in 'ActionDispatch::Callbacks#call'
actionpack (8.1.3) lib/action_dispatch/middleware/executor.rb:20:in 'ActionDispatch::Executor#call'
actionpack (8.1.3) lib/action_dispatch/middleware/actionable_exceptions.rb:18:in 'ActionDispatch::ActionableExceptions#call'
actionpack (8.1.3) lib/action_dispatch/middleware/debug_exceptions.rb:31:in 'ActionDispatch::DebugExceptions#call'
web-console (4.3.0) lib/web_console/middleware.rb:132:in 'WebConsole::Middleware#call_app'
web-console (4.3.0) lib/web_console/middleware.rb:28:in 'block in WebConsole::Middleware#call'
web-console (4.3.0) lib/web_console/middleware.rb:17:in 'Kernel#catch'
web-console (4.3.0) lib/web_console/middleware.rb:17:in 'WebConsole::Middleware#call'
actionpack (8.1.3) lib/action_dispatch/middleware/show_exceptions.rb:32:in 'ActionDispatch::ShowExceptions#call'
railties (8.1.3) lib/rails/rack/logger.rb:41:in 'Rails::Rack::Logger#call_app'
railties (8.1.3) lib/rails/rack/logger.rb:29:in 'Rails::Rack::Logger#call'
propshaft (1.3.2) lib/propshaft/quiet_assets.rb:11:in 'Propshaft::QuietAssets#call'
actionpack (8.1.3) lib/action_dispatch/middleware/remote_ip.rb:98:in 'ActionDispatch::RemoteIp#call'
actionpack (8.1.3) lib/action_dispatch/middleware/request_id.rb:34:in 'ActionDispatch::RequestId#call'
rack (3.2.6) lib/rack/method_override.rb:28:in 'Rack::MethodOverride#call'
rack (3.2.6) lib/rack/runtime.rb:24:in 'Rack::Runtime#call'
activesupport (8.1.3) lib/active_support/cache/strategy/local_cache_middleware.rb:30:in 'ActiveSupport::Cache::Strategy::LocalCache::Middleware#call'
actionpack (8.1.3) lib/action_dispatch/middleware/server_timing.rb:61:in 'block in ActionDispatch::ServerTiming#call'
actionpack (8.1.3) lib/action_dispatch/middleware/server_timing.rb:26:in 'ActionDispatch::ServerTiming::Subscriber#collect_events'
actionpack (8.1.3) lib/action_dispatch/middleware/server_timing.rb:60:in 'ActionDispatch::ServerTiming#call'
actionpack (8.1.3) lib/action_dispatch/middleware/executor.rb:20:in 'ActionDispatch::Executor#call'
propshaft (1.3.2) lib/propshaft/server.rb:37:in 'Propshaft::Server#call'
actionpack (8.1.3) lib/action_dispatch/middleware/static.rb:27:in 'ActionDispatch::Static#call'
rack (3.2.6) lib/rack/sendfile.rb:131:in 'Rack::Sendfile#call'
actionpack (8.1.3) lib/action_dispatch/middleware/host_authorization.rb:143:in 'ActionDispatch::HostAuthorization#call'
railties (8.1.3) lib/rails/engine.rb:534:in 'Rails::Engine#call'
puma (8.0.2) lib/puma/configuration.rb:305:in 'Puma::Configuration::ConfigMiddleware#call'
puma (8.0.2) lib/puma/response.rb:79:in 'block in Puma::Response#handle_request'
puma (8.0.2) lib/puma/thread_pool.rb:434:in 'Puma::ThreadPool#with_force_shutdown'
puma (8.0.2) lib/puma/response.rb:78:in 'Puma::Response#handle_request'
puma (8.0.2) lib/puma/server.rb:508:in 'Puma::Server#process_client'
puma (8.0.2) lib/puma/server.rb:263:in 'block in Puma::Server#run'
puma (8.0.2) lib/puma/thread_pool.rb:246:in 'block in Puma::ThreadPool#spawn_thread'
Started GET "/" for 127.0.0.1 at 2026-07-11 23:17:38 -0300
  
ActiveRecord::ConnectionNotEstablished (connection to server on socket "/var/run/postgresql/.s.PGSQL.5432" failed: No such file or directory
	Is the server running locally and accepting connections on that socket?
connection to server on socket "/run/postgresql/.s.PGSQL.5432" failed: No such file or directory
	Is the server running locally and accepting connections on that socket?
connection to server on socket "/tmp/.s.PGSQL.5432" failed: No such file or directory
	Is the server running locally and accepting connections on that socket?
)
Caused by: PG::ConnectionBad (connection to server on socket "/var/run/postgresql/.s.PGSQL.5432" failed: No such file or directory
	Is the server running locally and accepting connections on that socket?
connection to server on socket "/run/postgresql/.s.PGSQL.5432" failed: No such file or directory
	Is the server running locally and accepting connections on that socket?
connection to server on socket "/tmp/.s.PGSQL.5432" failed: No such file or directory
	Is the server running locally and accepting connections on that socket?
)

Information for: ActiveRecord::ConnectionNotEstablished (connection to server on socket "/var/run/postgresql/.s.PGSQL.5432" failed: No such file or directory
	Is the server running locally and accepting connections on that socket?
connection to server on socket "/run/postgresql/.s.PGSQL.5432" failed: No such file or directory
	Is the server running locally and accepting connections on that socket?
connection to server on socket "/tmp/.s.PGSQL.5432" failed: No such file or directory
	Is the server running locally and accepting connections on that socket?
):
  
activerecord (8.1.3) lib/active_record/connection_adapters/postgresql_adapter.rb:69:in 'ActiveRecord::ConnectionAdapters::PostgreSQLAdapter.new_client'
activerecord (8.1.3) lib/active_record/connection_adapters/postgresql_adapter.rb:960:in 'ActiveRecord::ConnectionAdapters::PostgreSQLAdapter#connect'
activerecord (8.1.3) lib/active_record/connection_adapters/postgresql_adapter.rb:972:in 'ActiveRecord::ConnectionAdapters::PostgreSQLAdapter#reconnect'
activerecord (8.1.3) lib/active_record/connection_adapters/abstract_adapter.rb:719:in 'block (2 levels) in ActiveRecord::ConnectionAdapters::AbstractAdapter#reconnect!'
activerecord (8.1.3) lib/active_record/connection_adapters/abstract_adapter.rb:1290:in 'ActiveRecord::ConnectionAdapters::AbstractAdapter#attempt_configure_connection'
activerecord (8.1.3) lib/active_record/connection_adapters/abstract_adapter.rb:716:in 'block in ActiveRecord::ConnectionAdapters::AbstractAdapter#reconnect!'
activesupport (8.1.3) lib/active_support/concurrency/null_lock.rb:9:in 'ActiveSupport::Concurrency::NullLock#synchronize'
activerecord (8.1.3) lib/active_record/connection_adapters/abstract_adapter.rb:715:in 'ActiveRecord::ConnectionAdapters::AbstractAdapter#reconnect!'
activerecord (8.1.3) lib/active_record/connection_adapters/abstract_adapter.rb:830:in 'block in ActiveRecord::ConnectionAdapters::AbstractAdapter#verify!'
activesupport (8.1.3) lib/active_support/concurrency/null_lock.rb:9:in 'ActiveSupport::Concurrency::NullLock#synchronize'
activerecord (8.1.3) lib/active_record/connection_adapters/abstract_adapter.rb:817:in 'ActiveRecord::ConnectionAdapters::AbstractAdapter#verify!'
activerecord (8.1.3) lib/active_record/connection_adapters/abstract_adapter.rb:839:in 'ActiveRecord::ConnectionAdapters::AbstractAdapter#connect!'
activerecord (8.1.3) lib/active_record/connection_adapters/abstract_adapter.rb:1056:in 'block in ActiveRecord::ConnectionAdapters::AbstractAdapter#with_raw_connection'
activesupport (8.1.3) lib/active_support/concurrency/null_lock.rb:9:in 'ActiveSupport::Concurrency::NullLock#synchronize'
activerecord (8.1.3) lib/active_record/connection_adapters/abstract_adapter.rb:1055:in 'ActiveRecord::ConnectionAdapters::AbstractAdapter#with_raw_connection'
activerecord (8.1.3) lib/active_record/connection_adapters/postgresql/quoting.rb:128:in 'ActiveRecord::ConnectionAdapters::PostgreSQL::Quoting#quote_string'
activerecord (8.1.3) lib/active_record/connection_adapters/abstract/quoting.rb:75:in 'ActiveRecord::ConnectionAdapters::Quoting#quote'
activerecord (8.1.3) lib/active_record/connection_adapters/postgresql/quoting.rb:122:in 'ActiveRecord::ConnectionAdapters::PostgreSQL::Quoting#quote'
activerecord (8.1.3) lib/active_record/connection_adapters/postgresql/schema_statements.rb:1180:in 'ActiveRecord::ConnectionAdapters::PostgreSQL::SchemaStatements#quoted_scope'
activerecord (8.1.3) lib/active_record/connection_adapters/postgresql/schema_statements.rb:1157:in 'ActiveRecord::ConnectionAdapters::PostgreSQL::SchemaStatements#data_source_sql'
activerecord (8.1.3) lib/active_record/connection_adapters/abstract/schema_statements.rb:61:in 'ActiveRecord::ConnectionAdapters::SchemaStatements#table_exists?'
activerecord (8.1.3) lib/active_record/schema_migration.rb:55:in 'block in ActiveRecord::SchemaMigration#create_table'
activerecord (8.1.3) lib/active_record/connection_adapters/abstract/connection_pool.rb:463:in 'ActiveRecord::ConnectionAdapters::ConnectionPool#with_connection'
activerecord (8.1.3) lib/active_record/schema_migration.rb:54:in 'ActiveRecord::SchemaMigration#create_table'
activerecord (8.1.3) lib/active_record/migration.rb:1440:in 'ActiveRecord::Migrator#initialize'
activerecord (8.1.3) lib/active_record/migration.rb:1288:in 'Class#new'
activerecord (8.1.3) lib/active_record/migration.rb:1288:in 'ActiveRecord::MigrationContext#open'
activerecord (8.1.3) lib/active_record/migration.rb:763:in 'block (2 levels) in ActiveRecord::Migration.pending_migrations'
activerecord (8.1.3) lib/active_record/migration/pending_migration_connection.rb:8:in 'ActiveRecord::PendingMigrationConnection.with_temporary_pool'
activerecord (8.1.3) lib/active_record/migration.rb:762:in 'block in ActiveRecord::Migration.pending_migrations'
activerecord (8.1.3) lib/active_record/migration.rb:761:in 'Array#each'
activerecord (8.1.3) lib/active_record/migration.rb:761:in 'ActiveRecord::Migration.pending_migrations'
activerecord (8.1.3) lib/active_record/migration.rb:740:in 'ActiveRecord::Migration.check_pending_migrations'
activerecord (8.1.3) lib/active_record/migration.rb:660:in 'block (2 levels) in ActiveRecord::Migration::CheckPending#call'
activesupport (8.1.3) lib/active_support/file_update_checker.rb:88:in 'ActiveSupport::FileUpdateChecker#execute'
activerecord (8.1.3) lib/active_record/migration.rb:665:in 'block in ActiveRecord::Migration::CheckPending#call'
activerecord (8.1.3) lib/active_record/migration.rb:657:in 'Thread::Mutex#synchronize'
activerecord (8.1.3) lib/active_record/migration.rb:657:in 'ActiveRecord::Migration::CheckPending#call'
actionpack (8.1.3) lib/action_dispatch/middleware/callbacks.rb:31:in 'block in ActionDispatch::Callbacks#call'
activesupport (8.1.3) lib/active_support/callbacks.rb:101:in 'ActiveSupport::Callbacks#run_callbacks'
actionpack (8.1.3) lib/action_dispatch/middleware/callbacks.rb:30:in 'ActionDispatch::Callbacks#call'
actionpack (8.1.3) lib/action_dispatch/middleware/executor.rb:20:in 'ActionDispatch::Executor#call'
actionpack (8.1.3) lib/action_dispatch/middleware/actionable_exceptions.rb:18:in 'ActionDispatch::ActionableExceptions#call'
actionpack (8.1.3) lib/action_dispatch/middleware/debug_exceptions.rb:31:in 'ActionDispatch::DebugExceptions#call'
web-console (4.3.0) lib/web_console/middleware.rb:132:in 'WebConsole::Middleware#call_app'
web-console (4.3.0) lib/web_console/middleware.rb:28:in 'block in WebConsole::Middleware#call'
web-console (4.3.0) lib/web_console/middleware.rb:17:in 'Kernel#catch'
web-console (4.3.0) lib/web_console/middleware.rb:17:in 'WebConsole::Middleware#call'
actionpack (8.1.3) lib/action_dispatch/middleware/show_exceptions.rb:32:in 'ActionDispatch::ShowExceptions#call'
railties (8.1.3) lib/rails/rack/logger.rb:41:in 'Rails::Rack::Logger#call_app'
railties (8.1.3) lib/rails/rack/logger.rb:29:in 'Rails::Rack::Logger#call'
propshaft (1.3.2) lib/propshaft/quiet_assets.rb:11:in 'Propshaft::QuietAssets#call'
actionpack (8.1.3) lib/action_dispatch/middleware/remote_ip.rb:98:in 'ActionDispatch::RemoteIp#call'
actionpack (8.1.3) lib/action_dispatch/middleware/request_id.rb:34:in 'ActionDispatch::RequestId#call'
rack (3.2.6) lib/rack/method_override.rb:28:in 'Rack::MethodOverride#call'
rack (3.2.6) lib/rack/runtime.rb:24:in 'Rack::Runtime#call'
activesupport (8.1.3) lib/active_support/cache/strategy/local_cache_middleware.rb:30:in 'ActiveSupport::Cache::Strategy::LocalCache::Middleware#call'
actionpack (8.1.3) lib/action_dispatch/middleware/server_timing.rb:61:in 'block in ActionDispatch::ServerTiming#call'
actionpack (8.1.3) lib/action_dispatch/middleware/server_timing.rb:26:in 'ActionDispatch::ServerTiming::Subscriber#collect_events'
actionpack (8.1.3) lib/action_dispatch/middleware/server_timing.rb:60:in 'ActionDispatch::ServerTiming#call'
actionpack (8.1.3) lib/action_dispatch/middleware/executor.rb:20:in 'ActionDispatch::Executor#call'
propshaft (1.3.2) lib/propshaft/server.rb:37:in 'Propshaft::Server#call'
actionpack (8.1.3) lib/action_dispatch/middleware/static.rb:27:in 'ActionDispatch::Static#call'
rack (3.2.6) lib/rack/sendfile.rb:131:in 'Rack::Sendfile#call'
actionpack (8.1.3) lib/action_dispatch/middleware/host_authorization.rb:143:in 'ActionDispatch::HostAuthorization#call'
railties (8.1.3) lib/rails/engine.rb:534:in 'Rails::Engine#call'
puma (8.0.2) lib/puma/configuration.rb:305:in 'Puma::Configuration::ConfigMiddleware#call'
puma (8.0.2) lib/puma/response.rb:79:in 'block in Puma::Response#handle_request'
puma (8.0.2) lib/puma/thread_pool.rb:434:in 'Puma::ThreadPool#with_force_shutdown'
puma (8.0.2) lib/puma/response.rb:78:in 'Puma::Response#handle_request'
puma (8.0.2) lib/puma/server.rb:508:in 'Puma::Server#process_client'
puma (8.0.2) lib/puma/server.rb:263:in 'block in Puma::Server#run'
puma (8.0.2) lib/puma/thread_pool.rb:246:in 'block in Puma::ThreadPool#spawn_thread'

Information for cause: PG::ConnectionBad (connection to server on socket "/var/run/postgresql/.s.PGSQL.5432" failed: No such file or directory
	Is the server running locally and accepting connections on that socket?
connection to server on socket "/run/postgresql/.s.PGSQL.5432" failed: No such file or directory
	Is the server running locally and accepting connections on that socket?
connection to server on socket "/tmp/.s.PGSQL.5432" failed: No such file or directory
	Is the server running locally and accepting connections on that socket?
):
  
pg-1.6.3-x86_64 (linux) lib/pg/connection.rb:944:in 'PG::Connection.connect_start'
pg-1.6.3-x86_64 (linux) lib/pg/connection.rb:944:in 'PG::Connection.connect_to_hosts'
pg-1.6.3-x86_64 (linux) lib/pg/connection.rb:871:in 'PG::Connection.new'
pg-1.6.3-x86_64 (linux) lib/pg.rb:88:in 'PG.connect'
activerecord (8.1.3) lib/active_record/connection_adapters/postgresql_adapter.rb:58:in 'ActiveRecord::ConnectionAdapters::PostgreSQLAdapter.new_client'
activerecord (8.1.3) lib/active_record/connection_adapters/postgresql_adapter.rb:960:in 'ActiveRecord::ConnectionAdapters::PostgreSQLAdapter#connect'
activerecord (8.1.3) lib/active_record/connection_adapters/postgresql_adapter.rb:972:in 'ActiveRecord::ConnectionAdapters::PostgreSQLAdapter#reconnect'
activerecord (8.1.3) lib/active_record/connection_adapters/abstract_adapter.rb:719:in 'block (2 levels) in ActiveRecord::ConnectionAdapters::AbstractAdapter#reconnect!'
activerecord (8.1.3) lib/active_record/connection_adapters/abstract_adapter.rb:1290:in 'ActiveRecord::ConnectionAdapters::AbstractAdapter#attempt_configure_connection'
activerecord (8.1.3) lib/active_record/connection_adapters/abstract_adapter.rb:716:in 'block in ActiveRecord::ConnectionAdapters::AbstractAdapter#reconnect!'
activesupport (8.1.3) lib/active_support/concurrency/null_lock.rb:9:in 'ActiveSupport::Concurrency::NullLock#synchronize'
activerecord (8.1.3) lib/active_record/connection_adapters/abstract_adapter.rb:715:in 'ActiveRecord::ConnectionAdapters::AbstractAdapter#reconnect!'
activerecord (8.1.3) lib/active_record/connection_adapters/abstract_adapter.rb:830:in 'block in ActiveRecord::ConnectionAdapters::AbstractAdapter#verify!'
activesupport (8.1.3) lib/active_support/concurrency/null_lock.rb:9:in 'ActiveSupport::Concurrency::NullLock#synchronize'
activerecord (8.1.3) lib/active_record/connection_adapters/abstract_adapter.rb:817:in 'ActiveRecord::ConnectionAdapters::AbstractAdapter#verify!'
activerecord (8.1.3) lib/active_record/connection_adapters/abstract_adapter.rb:839:in 'ActiveRecord::ConnectionAdapters::AbstractAdapter#connect!'
activerecord (8.1.3) lib/active_record/connection_adapters/abstract_adapter.rb:1056:in 'block in ActiveRecord::ConnectionAdapters::AbstractAdapter#with_raw_connection'
activesupport (8.1.3) lib/active_support/concurrency/null_lock.rb:9:in 'ActiveSupport::Concurrency::NullLock#synchronize'
activerecord (8.1.3) lib/active_record/connection_adapters/abstract_adapter.rb:1055:in 'ActiveRecord::ConnectionAdapters::AbstractAdapter#with_raw_connection'
activerecord (8.1.3) lib/active_record/connection_adapters/postgresql/quoting.rb:128:in 'ActiveRecord::ConnectionAdapters::PostgreSQL::Quoting#quote_string'
activerecord (8.1.3) lib/active_record/connection_adapters/abstract/quoting.rb:75:in 'ActiveRecord::ConnectionAdapters::Quoting#quote'
activerecord (8.1.3) lib/active_record/connection_adapters/postgresql/quoting.rb:122:in 'ActiveRecord::ConnectionAdapters::PostgreSQL::Quoting#quote'
activerecord (8.1.3) lib/active_record/connection_adapters/postgresql/schema_statements.rb:1180:in 'ActiveRecord::ConnectionAdapters::PostgreSQL::SchemaStatements#quoted_scope'
activerecord (8.1.3) lib/active_record/connection_adapters/postgresql/schema_statements.rb:1157:in 'ActiveRecord::ConnectionAdapters::PostgreSQL::SchemaStatements#data_source_sql'
activerecord (8.1.3) lib/active_record/connection_adapters/abstract/schema_statements.rb:61:in 'ActiveRecord::ConnectionAdapters::SchemaStatements#table_exists?'
activerecord (8.1.3) lib/active_record/schema_migration.rb:55:in 'block in ActiveRecord::SchemaMigration#create_table'
activerecord (8.1.3) lib/active_record/connection_adapters/abstract/connection_pool.rb:463:in 'ActiveRecord::ConnectionAdapters::ConnectionPool#with_connection'
activerecord (8.1.3) lib/active_record/schema_migration.rb:54:in 'ActiveRecord::SchemaMigration#create_table'
activerecord (8.1.3) lib/active_record/migration.rb:1440:in 'ActiveRecord::Migrator#initialize'
activerecord (8.1.3) lib/active_record/migration.rb:1288:in 'Class#new'
activerecord (8.1.3) lib/active_record/migration.rb:1288:in 'ActiveRecord::MigrationContext#open'
activerecord (8.1.3) lib/active_record/migration.rb:763:in 'block (2 levels) in ActiveRecord::Migration.pending_migrations'
activerecord (8.1.3) lib/active_record/migration/pending_migration_connection.rb:8:in 'ActiveRecord::PendingMigrationConnection.with_temporary_pool'
activerecord (8.1.3) lib/active_record/migration.rb:762:in 'block in ActiveRecord::Migration.pending_migrations'
activerecord (8.1.3) lib/active_record/migration.rb:761:in 'Array#each'
activerecord (8.1.3) lib/active_record/migration.rb:761:in 'ActiveRecord::Migration.pending_migrations'
activerecord (8.1.3) lib/active_record/migration.rb:740:in 'ActiveRecord::Migration.check_pending_migrations'
activerecord (8.1.3) lib/active_record/migration.rb:660:in 'block (2 levels) in ActiveRecord::Migration::CheckPending#call'
activesupport (8.1.3) lib/active_support/file_update_checker.rb:88:in 'ActiveSupport::FileUpdateChecker#execute'
activerecord (8.1.3) lib/active_record/migration.rb:665:in 'block in ActiveRecord::Migration::CheckPending#call'
activerecord (8.1.3) lib/active_record/migration.rb:657:in 'Thread::Mutex#synchronize'
activerecord (8.1.3) lib/active_record/migration.rb:657:in 'ActiveRecord::Migration::CheckPending#call'
actionpack (8.1.3) lib/action_dispatch/middleware/callbacks.rb:31:in 'block in ActionDispatch::Callbacks#call'
activesupport (8.1.3) lib/active_support/callbacks.rb:101:in 'ActiveSupport::Callbacks#run_callbacks'
actionpack (8.1.3) lib/action_dispatch/middleware/callbacks.rb:30:in 'ActionDispatch::Callbacks#call'
actionpack (8.1.3) lib/action_dispatch/middleware/executor.rb:20:in 'ActionDispatch::Executor#call'
actionpack (8.1.3) lib/action_dispatch/middleware/actionable_exceptions.rb:18:in 'ActionDispatch::ActionableExceptions#call'
actionpack (8.1.3) lib/action_dispatch/middleware/debug_exceptions.rb:31:in 'ActionDispatch::DebugExceptions#call'
web-console (4.3.0) lib/web_console/middleware.rb:132:in 'WebConsole::Middleware#call_app'
web-console (4.3.0) lib/web_console/middleware.rb:28:in 'block in WebConsole::Middleware#call'
web-console (4.3.0) lib/web_console/middleware.rb:17:in 'Kernel#catch'
web-console (4.3.0) lib/web_console/middleware.rb:17:in 'WebConsole::Middleware#call'
actionpack (8.1.3) lib/action_dispatch/middleware/show_exceptions.rb:32:in 'ActionDispatch::ShowExceptions#call'
railties (8.1.3) lib/rails/rack/logger.rb:41:in 'Rails::Rack::Logger#call_app'
railties (8.1.3) lib/rails/rack/logger.rb:29:in 'Rails::Rack::Logger#call'
propshaft (1.3.2) lib/propshaft/quiet_assets.rb:11:in 'Propshaft::QuietAssets#call'
actionpack (8.1.3) lib/action_dispatch/middleware/remote_ip.rb:98:in 'ActionDispatch::RemoteIp#call'
actionpack (8.1.3) lib/action_dispatch/middleware/request_id.rb:34:in 'ActionDispatch::RequestId#call'
rack (3.2.6) lib/rack/method_override.rb:28:in 'Rack::MethodOverride#call'
rack (3.2.6) lib/rack/runtime.rb:24:in 'Rack::Runtime#call'
activesupport (8.1.3) lib/active_support/cache/strategy/local_cache_middleware.rb:30:in 'ActiveSupport::Cache::Strategy::LocalCache::Middleware#call'
actionpack (8.1.3) lib/action_dispatch/middleware/server_timing.rb:61:in 'block in ActionDispatch::ServerTiming#call'
actionpack (8.1.3) lib/action_dispatch/middleware/server_timing.rb:26:in 'ActionDispatch::ServerTiming::Subscriber#collect_events'
actionpack (8.1.3) lib/action_dispatch/middleware/server_timing.rb:60:in 'ActionDispatch::ServerTiming#call'
actionpack (8.1.3) lib/action_dispatch/middleware/executor.rb:20:in 'ActionDispatch::Executor#call'
propshaft (1.3.2) lib/propshaft/server.rb:37:in 'Propshaft::Server#call'
actionpack (8.1.3) lib/action_dispatch/middleware/static.rb:27:in 'ActionDispatch::Static#call'
rack (3.2.6) lib/rack/sendfile.rb:131:in 'Rack::Sendfile#call'
actionpack (8.1.3) lib/action_dispatch/middleware/host_authorization.rb:143:in 'ActionDispatch::HostAuthorization#call'
railties (8.1.3) lib/rails/engine.rb:534:in 'Rails::Engine#call'
puma (8.0.2) lib/puma/configuration.rb:305:in 'Puma::Configuration::ConfigMiddleware#call'
puma (8.0.2) lib/puma/response.rb:79:in 'block in Puma::Response#handle_request'
puma (8.0.2) lib/puma/thread_pool.rb:434:in 'Puma::ThreadPool#with_force_shutdown'
puma (8.0.2) lib/puma/response.rb:78:in 'Puma::Response#handle_request'
puma (8.0.2) lib/puma/server.rb:508:in 'Puma::Server#process_client'
puma (8.0.2) lib/puma/server.rb:263:in 'block in Puma::Server#run'
puma (8.0.2) lib/puma/thread_pool.rb:246:in 'block in Puma::ThreadPool#spawn_thread'
Started GET "/" for 172.20.0.1 at 2026-07-12 11:38:33 +0000
  
ActiveRecord::DatabaseConnectionError (There is an issue connecting with your hostname: 5432.

Please check your database configuration and ensure there is a valid connection to your database.
)
Caused by: PG::ConnectionBad (connection to server at "0.0.21.56", port 5432 failed: Connection timed out
	Is the server running on that host and accepting TCP/IP connections?
)

Information for: ActiveRecord::DatabaseConnectionError (There is an issue connecting with your hostname: 5432.

Please check your database configuration and ensure there is a valid connection to your database.
):
  
activerecord (8.1.3) lib/active_record/connection_adapters/postgresql_adapter.rb:67:in 'ActiveRecord::ConnectionAdapters::PostgreSQLAdapter.new_client'
activerecord (8.1.3) lib/active_record/connection_adapters/postgresql_adapter.rb:960:in 'ActiveRecord::ConnectionAdapters::PostgreSQLAdapter#connect'
activerecord (8.1.3) lib/active_record/connection_adapters/postgresql_adapter.rb:972:in 'ActiveRecord::ConnectionAdapters::PostgreSQLAdapter#reconnect'
activerecord (8.1.3) lib/active_record/connection_adapters/abstract_adapter.rb:719:in 'block (2 levels) in ActiveRecord::ConnectionAdapters::AbstractAdapter#reconnect!'
activerecord (8.1.3) lib/active_record/connection_adapters/abstract_adapter.rb:1290:in 'ActiveRecord::ConnectionAdapters::AbstractAdapter#attempt_configure_connection'
activerecord (8.1.3) lib/active_record/connection_adapters/abstract_adapter.rb:716:in 'block in ActiveRecord::ConnectionAdapters::AbstractAdapter#reconnect!'
activesupport (8.1.3) lib/active_support/concurrency/null_lock.rb:9:in 'ActiveSupport::Concurrency::NullLock#synchronize'
activerecord (8.1.3) lib/active_record/connection_adapters/abstract_adapter.rb:715:in 'ActiveRecord::ConnectionAdapters::AbstractAdapter#reconnect!'
activerecord (8.1.3) lib/active_record/connection_adapters/abstract_adapter.rb:830:in 'block in ActiveRecord::ConnectionAdapters::AbstractAdapter#verify!'
activesupport (8.1.3) lib/active_support/concurrency/null_lock.rb:9:in 'ActiveSupport::Concurrency::NullLock#synchronize'
activerecord (8.1.3) lib/active_record/connection_adapters/abstract_adapter.rb:817:in 'ActiveRecord::ConnectionAdapters::AbstractAdapter#verify!'
activerecord (8.1.3) lib/active_record/connection_adapters/abstract_adapter.rb:839:in 'ActiveRecord::ConnectionAdapters::AbstractAdapter#connect!'
activerecord (8.1.3) lib/active_record/connection_adapters/abstract_adapter.rb:1056:in 'block in ActiveRecord::ConnectionAdapters::AbstractAdapter#with_raw_connection'
activesupport (8.1.3) lib/active_support/concurrency/null_lock.rb:9:in 'ActiveSupport::Concurrency::NullLock#synchronize'
activerecord (8.1.3) lib/active_record/connection_adapters/abstract_adapter.rb:1055:in 'ActiveRecord::ConnectionAdapters::AbstractAdapter#with_raw_connection'
activerecord (8.1.3) lib/active_record/connection_adapters/postgresql/quoting.rb:128:in 'ActiveRecord::ConnectionAdapters::PostgreSQL::Quoting#quote_string'
activerecord (8.1.3) lib/active_record/connection_adapters/abstract/quoting.rb:75:in 'ActiveRecord::ConnectionAdapters::Quoting#quote'
activerecord (8.1.3) lib/active_record/connection_adapters/postgresql/quoting.rb:122:in 'ActiveRecord::ConnectionAdapters::PostgreSQL::Quoting#quote'
activerecord (8.1.3) lib/active_record/connection_adapters/postgresql/schema_statements.rb:1180:in 'ActiveRecord::ConnectionAdapters::PostgreSQL::SchemaStatements#quoted_scope'
activerecord (8.1.3) lib/active_record/connection_adapters/postgresql/schema_statements.rb:1157:in 'ActiveRecord::ConnectionAdapters::PostgreSQL::SchemaStatements#data_source_sql'
activerecord (8.1.3) lib/active_record/connection_adapters/abstract/schema_statements.rb:61:in 'ActiveRecord::ConnectionAdapters::SchemaStatements#table_exists?'
activerecord (8.1.3) lib/active_record/schema_migration.rb:55:in 'block in ActiveRecord::SchemaMigration#create_table'
activerecord (8.1.3) lib/active_record/connection_adapters/abstract/connection_pool.rb:463:in 'ActiveRecord::ConnectionAdapters::ConnectionPool#with_connection'
activerecord (8.1.3) lib/active_record/schema_migration.rb:54:in 'ActiveRecord::SchemaMigration#create_table'
activerecord (8.1.3) lib/active_record/migration.rb:1440:in 'ActiveRecord::Migrator#initialize'
activerecord (8.1.3) lib/active_record/migration.rb:1288:in 'Class#new'
activerecord (8.1.3) lib/active_record/migration.rb:1288:in 'ActiveRecord::MigrationContext#open'
activerecord (8.1.3) lib/active_record/migration.rb:763:in 'block (2 levels) in ActiveRecord::Migration.pending_migrations'
activerecord (8.1.3) lib/active_record/migration/pending_migration_connection.rb:8:in 'ActiveRecord::PendingMigrationConnection.with_temporary_pool'
activerecord (8.1.3) lib/active_record/migration.rb:762:in 'block in ActiveRecord::Migration.pending_migrations'
activerecord (8.1.3) lib/active_record/migration.rb:761:in 'Array#each'
activerecord (8.1.3) lib/active_record/migration.rb:761:in 'ActiveRecord::Migration.pending_migrations'
activerecord (8.1.3) lib/active_record/migration.rb:740:in 'ActiveRecord::Migration.check_pending_migrations'
activerecord (8.1.3) lib/active_record/migration.rb:660:in 'block (2 levels) in ActiveRecord::Migration::CheckPending#call'
activesupport (8.1.3) lib/active_support/file_update_checker.rb:88:in 'ActiveSupport::FileUpdateChecker#execute'
activerecord (8.1.3) lib/active_record/migration.rb:665:in 'block in ActiveRecord::Migration::CheckPending#call'
activerecord (8.1.3) lib/active_record/migration.rb:657:in 'Thread::Mutex#synchronize'
activerecord (8.1.3) lib/active_record/migration.rb:657:in 'ActiveRecord::Migration::CheckPending#call'
actionpack (8.1.3) lib/action_dispatch/middleware/callbacks.rb:31:in 'block in ActionDispatch::Callbacks#call'
activesupport (8.1.3) lib/active_support/callbacks.rb:101:in 'ActiveSupport::Callbacks#run_callbacks'
actionpack (8.1.3) lib/action_dispatch/middleware/callbacks.rb:30:in 'ActionDispatch::Callbacks#call'
actionpack (8.1.3) lib/action_dispatch/middleware/executor.rb:20:in 'ActionDispatch::Executor#call'
actionpack (8.1.3) lib/action_dispatch/middleware/actionable_exceptions.rb:18:in 'ActionDispatch::ActionableExceptions#call'
actionpack (8.1.3) lib/action_dispatch/middleware/debug_exceptions.rb:31:in 'ActionDispatch::DebugExceptions#call'
actionpack (8.1.3) lib/action_dispatch/middleware/show_exceptions.rb:32:in 'ActionDispatch::ShowExceptions#call'
railties (8.1.3) lib/rails/rack/logger.rb:41:in 'Rails::Rack::Logger#call_app'
railties (8.1.3) lib/rails/rack/logger.rb:29:in 'Rails::Rack::Logger#call'
propshaft (1.3.2) lib/propshaft/quiet_assets.rb:11:in 'Propshaft::QuietAssets#call'
actionpack (8.1.3) lib/action_dispatch/middleware/remote_ip.rb:98:in 'ActionDispatch::RemoteIp#call'
actionpack (8.1.3) lib/action_dispatch/middleware/request_id.rb:34:in 'ActionDispatch::RequestId#call'
rack (3.2.6) lib/rack/method_override.rb:28:in 'Rack::MethodOverride#call'
rack (3.2.6) lib/rack/runtime.rb:24:in 'Rack::Runtime#call'
activesupport (8.1.3) lib/active_support/cache/strategy/local_cache_middleware.rb:30:in 'ActiveSupport::Cache::Strategy::LocalCache::Middleware#call'
actionpack (8.1.3) lib/action_dispatch/middleware/server_timing.rb:61:in 'block in ActionDispatch::ServerTiming#call'
actionpack (8.1.3) lib/action_dispatch/middleware/server_timing.rb:26:in 'ActionDispatch::ServerTiming::Subscriber#collect_events'
actionpack (8.1.3) lib/action_dispatch/middleware/server_timing.rb:60:in 'ActionDispatch::ServerTiming#call'
actionpack (8.1.3) lib/action_dispatch/middleware/executor.rb:20:in 'ActionDispatch::Executor#call'
propshaft (1.3.2) lib/propshaft/server.rb:37:in 'Propshaft::Server#call'
actionpack (8.1.3) lib/action_dispatch/middleware/static.rb:27:in 'ActionDispatch::Static#call'
rack (3.2.6) lib/rack/sendfile.rb:131:in 'Rack::Sendfile#call'
actionpack (8.1.3) lib/action_dispatch/middleware/host_authorization.rb:143:in 'ActionDispatch::HostAuthorization#call'
railties (8.1.3) lib/rails/engine.rb:534:in 'Rails::Engine#call'
puma (8.0.2) lib/puma/configuration.rb:305:in 'Puma::Configuration::ConfigMiddleware#call'
puma (8.0.2) lib/puma/response.rb:79:in 'block in Puma::Response#handle_request'
puma (8.0.2) lib/puma/thread_pool.rb:434:in 'Puma::ThreadPool#with_force_shutdown'
puma (8.0.2) lib/puma/response.rb:78:in 'Puma::Response#handle_request'
puma (8.0.2) lib/puma/server.rb:508:in 'Puma::Server#process_client'
puma (8.0.2) lib/puma/server.rb:263:in 'block in Puma::Server#run'
puma (8.0.2) lib/puma/thread_pool.rb:246:in 'block in Puma::ThreadPool#spawn_thread'

Information for cause: PG::ConnectionBad (connection to server at "0.0.21.56", port 5432 failed: Connection timed out
	Is the server running on that host and accepting TCP/IP connections?
):
  
pg-1.6.3-x86_64 (linux) lib/pg/connection.rb:751:in 'PG::Connection::Pollable#polling_loop'
pg-1.6.3-x86_64 (linux) lib/pg/connection.rb:795:in 'PG::Connection#async_connect_or_reset'
pg-1.6.3-x86_64 (linux) lib/pg/connection.rb:951:in 'PG::Connection.connect_to_hosts'
pg-1.6.3-x86_64 (linux) lib/pg/connection.rb:871:in 'PG::Connection.new'
pg-1.6.3-x86_64 (linux) lib/pg.rb:88:in 'PG.connect'
activerecord (8.1.3) lib/active_record/connection_adapters/postgresql_adapter.rb:58:in 'ActiveRecord::ConnectionAdapters::PostgreSQLAdapter.new_client'
activerecord (8.1.3) lib/active_record/connection_adapters/postgresql_adapter.rb:960:in 'ActiveRecord::ConnectionAdapters::PostgreSQLAdapter#connect'
activerecord (8.1.3) lib/active_record/connection_adapters/postgresql_adapter.rb:972:in 'ActiveRecord::ConnectionAdapters::PostgreSQLAdapter#reconnect'
activerecord (8.1.3) lib/active_record/connection_adapters/abstract_adapter.rb:719:in 'block (2 levels) in ActiveRecord::ConnectionAdapters::AbstractAdapter#reconnect!'
activerecord (8.1.3) lib/active_record/connection_adapters/abstract_adapter.rb:1290:in 'ActiveRecord::ConnectionAdapters::AbstractAdapter#attempt_configure_connection'
activerecord (8.1.3) lib/active_record/connection_adapters/abstract_adapter.rb:716:in 'block in ActiveRecord::ConnectionAdapters::AbstractAdapter#reconnect!'
activesupport (8.1.3) lib/active_support/concurrency/null_lock.rb:9:in 'ActiveSupport::Concurrency::NullLock#synchronize'
activerecord (8.1.3) lib/active_record/connection_adapters/abstract_adapter.rb:715:in 'ActiveRecord::ConnectionAdapters::AbstractAdapter#reconnect!'
activerecord (8.1.3) lib/active_record/connection_adapters/abstract_adapter.rb:830:in 'block in ActiveRecord::ConnectionAdapters::AbstractAdapter#verify!'
activesupport (8.1.3) lib/active_support/concurrency/null_lock.rb:9:in 'ActiveSupport::Concurrency::NullLock#synchronize'
activerecord (8.1.3) lib/active_record/connection_adapters/abstract_adapter.rb:817:in 'ActiveRecord::ConnectionAdapters::AbstractAdapter#verify!'
activerecord (8.1.3) lib/active_record/connection_adapters/abstract_adapter.rb:839:in 'ActiveRecord::ConnectionAdapters::AbstractAdapter#connect!'
activerecord (8.1.3) lib/active_record/connection_adapters/abstract_adapter.rb:1056:in 'block in ActiveRecord::ConnectionAdapters::AbstractAdapter#with_raw_connection'
activesupport (8.1.3) lib/active_support/concurrency/null_lock.rb:9:in 'ActiveSupport::Concurrency::NullLock#synchronize'
activerecord (8.1.3) lib/active_record/connection_adapters/abstract_adapter.rb:1055:in 'ActiveRecord::ConnectionAdapters::AbstractAdapter#with_raw_connection'
activerecord (8.1.3) lib/active_record/connection_adapters/postgresql/quoting.rb:128:in 'ActiveRecord::ConnectionAdapters::PostgreSQL::Quoting#quote_string'
activerecord (8.1.3) lib/active_record/connection_adapters/abstract/quoting.rb:75:in 'ActiveRecord::ConnectionAdapters::Quoting#quote'
activerecord (8.1.3) lib/active_record/connection_adapters/postgresql/quoting.rb:122:in 'ActiveRecord::ConnectionAdapters::PostgreSQL::Quoting#quote'
activerecord (8.1.3) lib/active_record/connection_adapters/postgresql/schema_statements.rb:1180:in 'ActiveRecord::ConnectionAdapters::PostgreSQL::SchemaStatements#quoted_scope'
activerecord (8.1.3) lib/active_record/connection_adapters/postgresql/schema_statements.rb:1157:in 'ActiveRecord::ConnectionAdapters::PostgreSQL::SchemaStatements#data_source_sql'
activerecord (8.1.3) lib/active_record/connection_adapters/abstract/schema_statements.rb:61:in 'ActiveRecord::ConnectionAdapters::SchemaStatements#table_exists?'
activerecord (8.1.3) lib/active_record/schema_migration.rb:55:in 'block in ActiveRecord::SchemaMigration#create_table'
activerecord (8.1.3) lib/active_record/connection_adapters/abstract/connection_pool.rb:463:in 'ActiveRecord::ConnectionAdapters::ConnectionPool#with_connection'
activerecord (8.1.3) lib/active_record/schema_migration.rb:54:in 'ActiveRecord::SchemaMigration#create_table'
activerecord (8.1.3) lib/active_record/migration.rb:1440:in 'ActiveRecord::Migrator#initialize'
activerecord (8.1.3) lib/active_record/migration.rb:1288:in 'Class#new'
activerecord (8.1.3) lib/active_record/migration.rb:1288:in 'ActiveRecord::MigrationContext#open'
activerecord (8.1.3) lib/active_record/migration.rb:763:in 'block (2 levels) in ActiveRecord::Migration.pending_migrations'
activerecord (8.1.3) lib/active_record/migration/pending_migration_connection.rb:8:in 'ActiveRecord::PendingMigrationConnection.with_temporary_pool'
activerecord (8.1.3) lib/active_record/migration.rb:762:in 'block in ActiveRecord::Migration.pending_migrations'
activerecord (8.1.3) lib/active_record/migration.rb:761:in 'Array#each'
activerecord (8.1.3) lib/active_record/migration.rb:761:in 'ActiveRecord::Migration.pending_migrations'
activerecord (8.1.3) lib/active_record/migration.rb:740:in 'ActiveRecord::Migration.check_pending_migrations'
activerecord (8.1.3) lib/active_record/migration.rb:660:in 'block (2 levels) in ActiveRecord::Migration::CheckPending#call'
activesupport (8.1.3) lib/active_support/file_update_checker.rb:88:in 'ActiveSupport::FileUpdateChecker#execute'
activerecord (8.1.3) lib/active_record/migration.rb:665:in 'block in ActiveRecord::Migration::CheckPending#call'
activerecord (8.1.3) lib/active_record/migration.rb:657:in 'Thread::Mutex#synchronize'
activerecord (8.1.3) lib/active_record/migration.rb:657:in 'ActiveRecord::Migration::CheckPending#call'
actionpack (8.1.3) lib/action_dispatch/middleware/callbacks.rb:31:in 'block in ActionDispatch::Callbacks#call'
activesupport (8.1.3) lib/active_support/callbacks.rb:101:in 'ActiveSupport::Callbacks#run_callbacks'
actionpack (8.1.3) lib/action_dispatch/middleware/callbacks.rb:30:in 'ActionDispatch::Callbacks#call'
actionpack (8.1.3) lib/action_dispatch/middleware/executor.rb:20:in 'ActionDispatch::Executor#call'
actionpack (8.1.3) lib/action_dispatch/middleware/actionable_exceptions.rb:18:in 'ActionDispatch::ActionableExceptions#call'
actionpack (8.1.3) lib/action_dispatch/middleware/debug_exceptions.rb:31:in 'ActionDispatch::DebugExceptions#call'
actionpack (8.1.3) lib/action_dispatch/middleware/show_exceptions.rb:32:in 'ActionDispatch::ShowExceptions#call'
railties (8.1.3) lib/rails/rack/logger.rb:41:in 'Rails::Rack::Logger#call_app'
railties (8.1.3) lib/rails/rack/logger.rb:29:in 'Rails::Rack::Logger#call'
propshaft (1.3.2) lib/propshaft/quiet_assets.rb:11:in 'Propshaft::QuietAssets#call'
actionpack (8.1.3) lib/action_dispatch/middleware/remote_ip.rb:98:in 'ActionDispatch::RemoteIp#call'
actionpack (8.1.3) lib/action_dispatch/middleware/request_id.rb:34:in 'ActionDispatch::RequestId#call'
rack (3.2.6) lib/rack/method_override.rb:28:in 'Rack::MethodOverride#call'
rack (3.2.6) lib/rack/runtime.rb:24:in 'Rack::Runtime#call'
activesupport (8.1.3) lib/active_support/cache/strategy/local_cache_middleware.rb:30:in 'ActiveSupport::Cache::Strategy::LocalCache::Middleware#call'
actionpack (8.1.3) lib/action_dispatch/middleware/server_timing.rb:61:in 'block in ActionDispatch::ServerTiming#call'
actionpack (8.1.3) lib/action_dispatch/middleware/server_timing.rb:26:in 'ActionDispatch::ServerTiming::Subscriber#collect_events'
actionpack (8.1.3) lib/action_dispatch/middleware/server_timing.rb:60:in 'ActionDispatch::ServerTiming#call'
actionpack (8.1.3) lib/action_dispatch/middleware/executor.rb:20:in 'ActionDispatch::Executor#call'
propshaft (1.3.2) lib/propshaft/server.rb:37:in 'Propshaft::Server#call'
actionpack (8.1.3) lib/action_dispatch/middleware/static.rb:27:in 'ActionDispatch::Static#call'
rack (3.2.6) lib/rack/sendfile.rb:131:in 'Rack::Sendfile#call'
actionpack (8.1.3) lib/action_dispatch/middleware/host_authorization.rb:143:in 'ActionDispatch::HostAuthorization#call'
railties (8.1.3) lib/rails/engine.rb:534:in 'Rails::Engine#call'
puma (8.0.2) lib/puma/configuration.rb:305:in 'Puma::Configuration::ConfigMiddleware#call'
puma (8.0.2) lib/puma/response.rb:79:in 'block in Puma::Response#handle_request'
puma (8.0.2) lib/puma/thread_pool.rb:434:in 'Puma::ThreadPool#with_force_shutdown'
puma (8.0.2) lib/puma/response.rb:78:in 'Puma::Response#handle_request'
puma (8.0.2) lib/puma/server.rb:508:in 'Puma::Server#process_client'
puma (8.0.2) lib/puma/server.rb:263:in 'block in Puma::Server#run'
puma (8.0.2) lib/puma/thread_pool.rb:246:in 'block in Puma::ThreadPool#spawn_thread'
Started GET "/" for 172.20.0.1 at 2026-07-12 11:52:04 +0000
Started GET "/" for 172.20.0.1 at 2026-07-12 11:53:59 +0000
Started GET "/favicon.ico" for 172.20.0.1 at 2026-07-12 11:54:00 +0000
Started GET "/" for 172.18.0.1 at 2026-07-12 11:59:01 +0000
Started GET "/" for 172.18.0.1 at 2026-07-12 11:59:23 +0000
Started GET "/" for 172.18.0.1 at 2026-07-12 12:01:02 +0000
Started GET "/" for 172.18.0.1 at 2026-07-12 12:03:49 +0000
Started GET "/" for 172.18.0.1 at 2026-07-12 12:04:53 +0000
Started GET "/" for 172.18.0.1 at 2026-07-12 12:04:57 +0000
Started GET "/" for 172.18.0.1 at 2026-07-12 12:05:10 +0000
Started GET "/" for 172.18.0.1 at 2026-07-12 12:06:20 +0000
  [1m[35m (3.4ms)[0m  [1m[35mCREATE TABLE "schema_migrations" ("version" character varying NOT NULL PRIMARY KEY) /*application='Eazybox'*/[0m
  [1m[35m (1.8ms)[0m  [1m[35mCREATE TABLE "ar_internal_metadata" ("key" character varying NOT NULL PRIMARY KEY, "value" character varying, "created_at" timestamp(6) NOT NULL, "updated_at" timestamp(6) NOT NULL) /*application='Eazybox'*/[0m
  [1m[36mActiveRecord::SchemaMigration Load (0.2ms)[0m  [1m[34mSELECT "schema_migrations"."version" FROM "schema_migrations" ORDER BY "schema_migrations"."version" ASC /*application='Eazybox'*/[0m
Processing by Rails::WelcomeController#index as HTML
  Rendering /usr/local/bundle/ruby/3.4.0/gems/railties-8.1.3/libtemplates/rails/welcome/index.html.erb
  Rendered /usr/local/bundle/ruby/3.4.0/gems/railties-8.1.3/libtemplates/rails/welcome/index.html.erb (Duration: 0.4ms | GC: 0.0ms)
Completed 200 OK in 9ms (Views: 2.9ms | ActiveRecord: 0.0ms (0 queries, 0 cached) | GC: 0.2ms)


  [1m[35m (2.3ms)[0m  [1m[35mCREATE TABLE "schema_migrations" ("version" character varying NOT NULL PRIMARY KEY) /*application='Eazybox'*/[0m
  [1m[35m (2.1ms)[0m  [1m[35mCREATE TABLE "ar_internal_metadata" ("key" character varying NOT NULL PRIMARY KEY, "value" character varying, "created_at" timestamp(6) NOT NULL, "updated_at" timestamp(6) NOT NULL) /*application='Eazybox'*/[0m
  [1m[35m (0.1ms)[0m  [1m[34mSELECT pg_try_advisory_lock(8204298541476900765) /*application='Eazybox'*/[0m
  [1m[36mActiveRecord::SchemaMigration Load (0.2ms)[0m  [1m[34mSELECT "schema_migrations"."version" FROM "schema_migrations" ORDER BY "schema_migrations"."version" ASC /*application='Eazybox'*/[0m
  [1m[36mActiveRecord::InternalMetadata Load (0.5ms)[0m  [1m[34mSELECT * FROM "ar_internal_metadata" WHERE "ar_internal_metadata"."key" = 'environment' ORDER BY "ar_internal_metadata"."key" ASC LIMIT 1 /*application='Eazybox'*/[0m
  [1m[36mActiveRecord::InternalMetadata Create (0.6ms)[0m  [1m[32mINSERT INTO "ar_internal_metadata" ("key", "value", "created_at", "updated_at") VALUES ('environment', 'development', '2026-07-13 00:16:10.740017', '2026-07-13 00:16:10.740019') RETURNING "key" /*application='Eazybox'*/[0m
  [1m[35m (0.1ms)[0m  [1m[34mSELECT pg_advisory_unlock(8204298541476900765) /*application='Eazybox'*/[0m
  [1m[36mActiveRecord::SchemaMigration Load (0.1ms)[0m  [1m[34mSELECT "schema_migrations"."version" FROM "schema_migrations" ORDER BY "schema_migrations"."version" ASC /*application='Eazybox'*/[0m
  [1m[35mSQL (0.0ms)[0m  [1m[35mSET search_path TO public /*application='Eazybox'*/[0m
  [1m[35mSQL (0.1ms)[0m  [1m[35mSET search_path TO "$user", public /*application='Eazybox'*/[0m
  [1m[35mSQL (0.1ms)[0m  [1m[35mSET search_path TO public /*application='Eazybox'*/[0m
  [1m[35mSQL (0.1ms)[0m  [1m[35mSET search_path TO "$user", public /*application='Eazybox'*/[0m
